steps,epi,revenue,cost_total,cost_heat,cost_co2,cost_elec,fruit_dm_growth,energy_heat_kwh_m2,energy_elec_kwh_m2,co2_kg_m2,t_in_in_corridor_pct,t_in_violation_steps,t_in_violation_area,co2_in_corridor_pct,co2_violation_steps,co2_violation_area,rh_in_corridor_pct,rh_violation_steps,rh_violation_area,violation_steps_total,boiler_sum,lamp_sum,co2_injection_sum,vent_sum,solver_failures,steps_expected,season_fraction,truncated,solver_aborted,stop_reason,method,seed,test_year,xi_uboil,rng_seed,horizon,max_solver_failures,objective,secs,regen_id,config_hash,git_sha,image
5760,5.307176917954052,14.838016113380071,9.530839195426019,5.408284023283677,4.122479656207423,7.55159349180758e-05,602794.4046060654,60.09204470315197,0.0002517197830602527,13.741598854024744,60.59027777777778,2270,2382.005572795868,93.10763888888889,397,281782.56103515625,76.09375,1377,2893.403877258301,4044,1848.985990878472,0.008679992596749038,3053.688634142544,1191.0763914165157,0,5760,1.0,False,False,complete,sindy_mpc_conf_dagger,3,2020,0.06420456906046554,3475336982,20,100,priced,56.9,regen-v2,637c6b535a9e,86e95e8,local
5760,-3.531839618324641,7.625450503460813,11.157290121785454,7.5549569255690505,3.5808433739925283,0.02148982222387567,309783.92670309555,83.94396583965612,0.07163274074625224,11.936144579975094,67.48263888888889,1873,1624.046516418457,89.20138888888889,622,547919.8455810547,67.70833333333334,1860,2632.976875305176,4355,2582.89125557891,2.4700945261172818,2652.4765725595717,1198.3985651950284,0,5760,1.0,False,False,complete,sindy_mpc_conf_dagger,3,2021,0.06420456906046554,3475336982,20,100,priced,57.0,regen-v2,637c6b535a9e,86e95e8,local
5760,2.4223800965119597,12.808006734726796,10.385626638214836,6.619066067671224,3.766475082529967,8.548801364377142e-05,520325.2735982761,73.54517852968027,0.00028496004547923806,12.554916941766557,72.39583333333334,1590,1610.1322779655457,86.02430555555556,805,771336.2790527344,75.13888888888889,1432,2144.0026779174805,3827,2262.9285700725795,0.009826208812952729,2789.9815415678977,1080.5827986815152,0,5760,1.0,False,False,complete,sindy_mpc_conf_dagger,3,2022,0.06420456906046554,3475336982,20,100,priced,55.6,regen-v2,637c6b535a9e,86e95e8,local
5760,-2.6326047684331026,7.707699959782094,10.340304728215198,5.989330792082438,4.346917537679568,0.004056398453190922,313125.31086614757,66.54811991202709,0.013521328177303076,14.48972512559856,64.70486111111111,2033,1878.1245512962341,96.23263888888889,217,162071.71752929688,68.00347222222223,1843,2145.4102363586426,4093,2047.6344586580044,0.4662526869346951,3219.938916446138,1469.6388113797682,0,5760,1.0,False,False,complete,sindy_mpc_conf_dagger,3,2023,0.06420456906046554,3475336982,20,100,priced,57.4,regen-v2,637c6b535a9e,86e95e8,local
5760,4.92083678323643,12.220518264227831,7.299681480991401,5.023470600161128,2.2606079901259584,0.015602890704313553,496458.5544842556,55.81634000179031,0.05200963568104518,7.535359967086528,65.72916666666667,1974,2292.1563806533813,96.51041666666667,201,128308.89074707031,60.78125,2259,4518.56010055542,4434,1717.4258442934718,1.7934357473467677,1674.5244371288193,1553.2936266212223,0,5760,1.0,False,False,complete,sindy_mpc_dense_dagger,3,2020,0.036127173051911744,3703207020,20,100,priced,53.9,regen-v2,637c6b535a9e,86e95e8,local
5760,-2.196154848664764,6.01672781613045,8.212882664795215,6.243169477334694,1.4800384439084553,0.489674743552065,244429.56753029954,69.36854974816328,1.63224914517355,4.933461479694851,68.33333333333333,1824,1885.6061449050903,96.44097222222221,205,144471.1079864502,65.10416666666666,2010,4087.4726333618164,4039,2134.416914837305,56.284453360238764,1096.324773001802,1301.0854831609995,0,5760,1.0,False,False,complete,sindy_mpc_dense_dagger,3,2021,0.036127173051911744,3703207020,20,100,priced,51.6,regen-v2,637c6b535a9e,86e95e8,local
5760,1.2927160456719902,9.53997733160996,8.24726128593797,6.08741838696284,1.9916507004327393,0.1681921985423902,387561.5790966546,67.6379820773649,0.5606406618079673,6.638835668109131,77.36111111111111,1304,1369.6869916915894,96.94444444444444,176,78172.39172363281,65.65972222222223,1978,4090.946357727051,3458,2081.168678209978,19.332436727927735,1475.296814720913,1331.3641733734544,0,5760,1.0,False,False,complete,sindy_mpc_dense_dagger,3,2022,0.036127173051911744,3703207020,20,100,priced,52.6,regen-v2,637c6b535a9e,86e95e8,local
5760,0.0237344638549275,7.374667811728529,7.350933347873601,5.453834361004063,1.797469643934046,0.09962934293549339,299595.8798514715,60.59815956671181,0.332097809784978,5.991565479780154,77.25694444444444,1310,1342.4269695281982,98.40277777777777,92,89952.39709472656,44.79166666666667,3180,7011.866256713867,4582,1864.5587554949861,11.451648592033957,1331.4589958224776,1780.2582271238418,0,5760,1.0,False,False,complete,sindy_mpc_dense_dagger,3,2023,0.036127173051911744,3703207020,20,100,priced,52.6,regen-v2,637c6b535a9e,86e95e8,local
5760,2.5061615170320426,12.764026184928923,10.25786466789688,4.786754887755272,1.679037522584259,3.7920722575573507,518538.56376273755,53.18616541950303,12.640240858524503,5.596791741947531,62.20486111111111,2177,2337.191629886627,100.0,0,0.0,64.07986111111111,2069,4983.825092315674,4246,1636.4973987343694,435.8703745571449,1243.7314982638736,1615.6372033371213,0,5760,1.0,False,False,complete,sindy_mpc_conf_dagger,4,2020,0.06263762309775545,3278254859,20,100,priced,56.0,regen-v2,637c6b535a9e,86e95e8,local
5760,-2.815761324896103,7.461812641281478,10.277573966177583,6.870591303028631,1.3772530303162296,2.029729632832721,303136.13855206006,76.33990336698479,6.765765442775737,4.590843434387432,65.72916666666667,1974,1642.9752254486084,99.70486111111111,17,2414.8668212890625,51.354166666666664,2802,6220.354705810547,4793,2348.920103231511,233.3022564721006,1020.1874295531975,1446.554312167093,0,5760,1.0,False,False,complete,sindy_mpc_conf_dagger,4,2021,0.06263762309775545,3278254859,20,100,priced,55.0,regen-v2,637c6b535a9e,86e95e8,local
5760,-1.8944034006797201,10.526104504465977,12.420507905145698,6.069572672909954,1.6128498938301346,4.73808533840561,427622.99549393036,67.43969636566617,15.793617794685368,5.376166312767116,74.40972222222221,1474,1598.6034717559814,99.91319444444444,5,115.2947998046875,59.67013888888889,2323,5771.030128479004,3802,2075.0675807496227,544.607510099092,1194.7036251688228,1386.2198302901159,0,5760,1.0,False,False,complete,sindy_mpc_conf_dagger,4,2022,0.06263762309775545,3278254859,20,100,priced,56.8,regen-v2,637c6b535a9e,86e95e8,local
5760,0.9005494392368065,9.993594101409428,9.093044662172622,5.5587309972083805,1.8796225454575692,1.6546911195066716,405989.760369758,61.76367774675978,5.515637065022239,6.265408484858565,70.76388888888889,1684,1459.6499528884888,100.0,0,0.0,49.44444444444444,2912,5273.233280181885,4596,1900.4208544474357,190.19438151554593,1392.3129963340402,1842.575157814667,0,5760,1.0,False,False,complete,sindy_mpc_conf_dagger,4,2023,0.06263762309775545,3278254859,20,100,priced,56.0,regen-v2,637c6b535a9e,86e95e8,local
5760,6.880407816723699,15.17040404548173,8.289996228758032,5.363444308233971,2.9202098193733104,0.006342101150751114,616297.6643476953,59.59382564704413,0.02114033716917038,9.734032731244369,60.85069444444444,2255,2406.2556552886963,99.20138888888889,46,37818.67297363281,76.47569444444444,1355,2724.581157684326,3656,1833.6561736985764,0.7289771411181166,2163.1183839834753,1425.9144140179787,0,5760,1.0,False,False,complete,sindy_mpc_dense_dagger,4,2020,0.044444884371813966,4202783283,20,100,priced,55.1,regen-v2,637c6b535a9e,86e95e8,local
5760,-0.2559543148894514,9.795018468475746,10.050972783365197,7.2704641328961195,2.2510883737353566,0.5294202767337207,397922.6252818272,80.78293480995688,1.764734255779069,7.503627912451189,66.40625,1935,1803.3544912338257,97.58680555555556,139,158222.7508544922,74.47916666666666,1470,2287.0008544921875,3544,2485.6287624510896,60.852905309591534,1667.4728687688225,1288.613557752849,0,5760,1.0,False,False,complete,sindy_mpc_dense_dagger,4,2021,0.044444884371813966,4202783283,20,100,priced,54.7,regen-v2,637c6b535a9e,86e95e8,local
5760,3.5179069740365145,12.793062564466565,9.275155590430053,6.389707902181052,2.6190341068144676,0.26641358143453253,519718.1666814543,70.99675446867836,0.8880452714484418,8.73011368938156,73.26388888888889,1540,1417.8858652114868,96.875,180,129522.72290039062,76.73611111111111,1340,2285.248001098633,3060,2184.515521735043,30.6222507662429,1940.0252644019824,1243.9430984066487,0,5760,1.0,False,False,complete,sindy_mpc_dense_dagger,4,2022,0.044444884371813966,4202783283,20,100,priced,54.6,regen-v2,637c6b535a9e,86e95e8,local
5760,2.695277313465285,11.493185430016464,8.79790811655118,6.005134299586993,2.746306120371975,0.04646769659221172,466910.65809441893,66.72371443985548,0.15489232197403907,9.15435373457325,74.75694444444444,1454,1296.394817352295,99.73958333333334,15,5695.9134521484375,62.326388888888886,2170,2844.4937171936035,3639,2053.0373659826614,5.34111453413989,2034.3008293702992,1669.1633500832772,0,5760,1.0,False,False,complete,sindy_mpc_dense_dagger,4,2023,0.044444884371813966,4202783283,20,100,priced,55.4,regen-v2,637c6b535a9e,86e95e8,local
5760,1.8321699846703643,11.183455821867266,9.351285837196901,5.575856488831136,3.7752531256090736,0.00017622275669127701,454327.89276335767,61.95396098701263,0.0005874091889709234,12.58417708536358,63.74999999999999,2088,2233.841217517853,96.5625,198,22983.480224609375,72.53472222222223,1582,2795.1311225891113,3868,1906.2757240069143,0.020255489144551386,2796.4837968988063,1671.4644704403277,0,5760,1.0,False,False,complete,sindy_mpc_conf_dagger,5,2020,0.06959724966494471,1774234292,20,100,priced,55.4,regen-v2,637c6b535a9e,86e95e8,local
5760,-3.669314262352733,7.253070961416093,10.922385223768824,7.805225940054521,3.1018813332921162,0.015277950422186404,294656.0078075287,86.72473266727246,0.050926501407288015,10.339604444307055,67.17013888888889,1891,1676.1033954620361,95.86805555555556,238,109022.04309082031,66.25,1944,2494.6132583618164,4073,2668.4533137754947,1.7560862544628089,2297.6898766571994,1551.1624915556931,0,5760,1.0,False,False,complete,sindy_mpc_conf_dagger,5,2021,0.06959724966494471,1774234292,20,100,priced,55.7,regen-v2,637c6b535a9e,86e95e8,local
5760,-1.7185296985063203,8.635328062169688,10.353857760676009,6.942163052152425,3.4078060634472966,0.0038886450762860474,350810.2025256436,77.13514502391584,0.012962150254286825,11.359353544824323,76.89236111111111,1331,1276.2190308570862,87.88194444444444,698,406381.32080078125,71.875,1620,2323.0620613098145,3649,2373.3890773212256,0.4469706975023801,2524.3007880807672,1458.527493713681,0,5760,1.0,False,False,complete,sindy_mpc_conf_dagger,5,2022,0.06959724966494471,1774234292,20,100,priced,55.5,regen-v2,637c6b535a9e,86e95e8,local
5760,-2.151372832722965,8.391263227980698,10.54263606070366,6.373728827952499,4.167877123233421,0.0010301095177419482,340895.0686367158,70.81920919947221,0.003433698392473161,13.892923744111403,70.36458333333333,1707,1477.7203283309937,99.39236111111111,35,6321.0645751953125,66.30208333333333,1941,2133.839153289795,3683,2179.0525894108596,0.11840338824949133,3087.3163859624465,1881.7035488870856,0,5760,1.0,False,False,complete,sindy_mpc_conf_dagger,5,2023,0.06959724966494471,1774234292,20,100,priced,55.2,regen-v2,637c6b535a9e,86e95e8,local
5760,5.147054185567439,13.587685888457884,8.440631702890443,5.507100054382168,2.89648054536041,0.03705110314786434,551999.7392186015,61.190000604246315,0.12350367715954781,9.654935151201368,65.24305555555556,2002,2221.0301666259766,96.82291666666667,183,193721.92309570312,76.82291666666666,1335,2244.281566619873,3520,1882.7692501584154,4.258747498397179,2145.5411448749564,1462.5033596758374,0,5760,1.0,False,False,complete,sindy_mpc_dense_dagger,5,2020,0.045054851706250267,3370522817,20,100,priced,53.4,regen-v2,637c6b535a9e,86e95e8,local
5760,-2.271927742749918,7.143594931890364,9.415522674640282,6.8756868641850595,2.0222193907674093,0.5176164196878134,290208.54410804604,76.39652071316733,1.7253880656260445,6.740731302558031,68.24652777777777,1829,1767.40274143219,96.63194444444444,194,180917.31573486328,74.46180555555556,1471,2191.908760070801,3494,2350.6621748596635,59.4961402200649,1497.9402902071874,1281.2433108407322,0,5760,1.0,False,False,complete,sindy_mpc_dense_dagger,5,2021,0.045054851706250267,3370522817,20,100,priced,52.8,regen-v2,637c6b535a9e,86e95e8,local
5760,1.6666888514594282,10.966680017859483,9.299991166400055,6.558782772540581,2.4659621107881056,0.27524628307136867,445521.3757255415,72.8753641393398,0.9174876102378956,8.21987370262702,77.23958333333333,1311,1199.7268562316895,97.03125,171,110105.78479003906,75.39930555555556,1417,1844.8522262573242,2899,2242.3188956478984,31.63750381411856,1826.6386012982325,1267.0371853559263,0,5760,1.0,False,False,complete,sindy_mpc_dense_dagger,5,2022,0.045054851706250267,3370522817,20,100,priced,53.1,regen-v2,637c6b535a9e,86e95e8,local
5760,0.060993427822027435,8.712200694033694,8.651207266211665,6.030923057314784,2.5068252632851205,0.11345894561176213,353933.15319511876,67.01025619238649,0.37819648537254047,8.356084210950401,76.64930555555556,1345,1250.744556427002,98.75,72,109035.78125,59.010416666666664,2361,2947.356433868408,3778,2061.8540361291616,13.04125811066038,1856.9076015722035,1704.3088363205227,0,5760,1.0,False,False,complete,sindy_mpc_dense_dagger,5,2023,0.045054851706250267,3370522817,20,100,priced,53.4,regen-v2,637c6b535a9e,86e95e8,local
5760,8.773938019279926,16.689497688638053,7.915559669358128,5.246897092022266,2.6413006205528493,0.027361956783011558,678010.843600921,58.29885657802518,0.09120652261003853,8.804335401842831,66.90972222222223,1906,1443.354627609253,100.0,0,0.0,68.36805555555556,1822,3816.961326599121,3728,1793.8109710128572,3.1450524997363023,1956.51897923572,1174.8464018903287,0,5760,1.0,False,False,complete,sindy_mpc_conf_dagger,6,2020,0.059578137714050544,4092781153,20,100,priced,62.5,regen-v2,637c6b535a9e,86e95e8,local
5760,-1.624933096382549,7.948337364164856,9.573270460547405,7.257113203169772,1.9923657181434309,0.32379153923420234,322901.2054191973,80.6345911463308,1.0793051307806745,6.641219060478103,74.96527777777777,1442,869.3107318878174,100.0,0,0.0,58.97569444444445,2363,4482.976486206055,3805,2481.0643425224166,37.217418457165266,1475.8264578483302,1043.9262523308626,0,5760,1.0,False,False,complete,sindy_mpc_conf_dagger,6,2021,0.059578137714050544,4092781153,20,100,priced,55.8,regen-v2,637c6b535a9e,86e95e8,local
5760,6.4510191337862,15.310461975208314,8.859442841422116,6.3403825373915375,2.417078474921255,0.10198182910932227,621987.5177428378,70.44869485990597,0.3399394303644076,8.056928249737517,83.45486111111111,953,568.6109848022461,100.0,0,0.0,63.38541666666667,2109,3756.953483581543,3062,2167.652148598102,11.722049367654694,1790.428499867345,1093.435791267945,0,5760,1.0,False,False,complete,sindy_mpc_conf_dagger,6,2022,0.059578137714050544,4092781153,20,100,priced,63.0,regen-v2,637c6b535a9e,86e95e8,local
5760,4.725735335012262,13.157439315676674,8.431703980664413,5.607795842821563,2.748005206606374,0.07590293123647571,534520.9721993649,62.30884269801737,0.2530097707882524,9.16001735535458,81.12847222222223,1087,673.8890991210938,100.0,0,0.0,48.87152777777778,2945,5355.567771911621,4032,1917.195159652159,8.724474870314546,2035.5594127230015,1416.1580588868806,0,5760,1.0,False,False,complete,sindy_mpc_conf_dagger,6,2023,0.059578137714050544,4092781153,20,100,priced,62.4,regen-v2,637c6b535a9e,86e95e8,local
3687,-0.9379887056274694,4.217163385258937,5.155152090886407,3.7773989665283785,1.337725831149414,0.040027293208613986,171322.26252614433,41.97109962809309,0.13342431069537997,4.45908610383138,62.13723894765392,1396,1418.084439277649,95.79604014103607,155,87572.728515625,70.89774884730133,1073,1997.868450164795,2624,1291.4184507595712,4.600838281052811,990.9080230672466,820.3009239626755,0,5760,0.6401,True,False,env_terminated,sindy_mpc_dense_dagger,6,2020,0.05343139557462394,156090322,20,100,priced,32.7,regen-v2,637c6b535a9e,86e95e8,local
5760,-1.9800014851184202,7.661010957053228,9.641012442171647,7.160791493616269,1.9945347341788953,0.485686214376483,311228.5701302874,79.56434992906966,1.61895404792161,6.648449113929651,71.75347222222223,1627,1358.7728519439697,95.72916666666667,246,116187.62983703613,58.40277777777778,2396,4339.789119720459,4269,2448.133843973861,55.826001715121166,1477.4331370765876,1307.9892476346968,0,5760,1.0,False,False,complete,sindy_mpc_dense_dagger,6,2021,0.05343139557462394,156090322,20,100,priced,50.4,regen-v2,637c6b535a9e,86e95e8,local
4459,-1.4897250855311657,5.832281766900396,7.322006852431561,5.77181853940453,1.4794201535764873,0.07076815945054404,236936.44678032858,64.13131710449477,0.23589386483514682,4.931400511921624,72.95357703520969,1206,1026.9418506622314,94.90917246019286,227,146822.74096679688,66.15833146445391,1509,2384.4445571899414,2942,1973.2712938451411,8.134271221812735,1095.8667798372471,819.3726164543541,0,5760,0.7741,True,False,env_terminated,sindy_mpc_dense_dagger,6,2022,0.05343139557462394,156090322,20,100,priced,39.8,regen-v2,637c6b535a9e,86e95e8,local
5319,-0.8644023181064249,6.651348333935167,7.515750652041593,5.359869288491066,2.0625416212014365,0.09333974234908819,270211.0260661162,59.55410320545629,0.31113247449696063,6.875138737338122,76.2173340853544,1265,1058.5140771865845,97.27392366986277,145,67952.44775390625,51.73904869336341,2567,4593.097087860107,3977,1832.4339455488189,10.728705977507648,1527.8086094222049,1507.6170807499766,0,5760,0.9234,True,False,env_terminated,sindy_mpc_dense_dagger,6,2023,0.05343139557462394,156090322,20,100,priced,47.1,regen-v2,637c6b535a9e,86e95e8,local
5760,8.569825791578282,16.329480286458804,7.759654494880524,5.22280587421991,2.515793561692439,0.0210550589681746,663385.136637389,58.031176380221225,0.07018352989391534,8.385978538974797,67.25694444444444,1886,1661.4266519546509,99.56597222222221,25,3062.71875,63.09027777777778,2126,4440.052749633789,4037,1785.5746570582633,2.420121695357935,1863.5507866335631,1306.592479179086,0,5760,1.0,False,False,complete,sindy_mpc_conf_dagger,7,2020,0.06804703926423591,1630809012,20,100,priced,60.3,regen-v2,637c6b535a9e,86e95e8,local
5760,3.009388819043072,12.476119602204081,9.46673078316101,7.052908437601486,1.8942911299796,0.5195312155799243,506842.35883954086,78.36564930668318,1.7317707185997477,6.314303766598667,73.02083333333333,1554,1148.8343954086304,99.70486111111111,17,1074.2794647216797,57.638888888888886,2440,5187.103492736816,4011,2411.2507472947154,59.71623152667939,1403.17861560325,1211.3770823885134,0,5760,1.0,False,False,complete,sindy_mpc_conf_dagger,7,2021,0.06804703926423591,1630809012,20,100,priced,59.6,regen-v2,637c6b535a9e,86e95e8,local
5760,6.264886955221177,15.082261829058933,8.817374873837755,6.379171495453919,2.306118464559896,0.13208491382393986,612716.8868055191,70.87968328282133,0.44028304607979957,7.687061548532987,80.29513888888889,1135,798.1117219924927,99.73958333333334,15,1078.2230224609375,63.541666666666664,2100,3918.700412750244,3250,2180.9133313707407,15.182173991711426,1708.2358996942394,1186.1199383335597,0,5760,1.0,False,False,complete,sindy_mpc_conf_dagger,7,2022,0.06804703926423591,1630809012,20,100,priced,60.7,regen-v2,637c6b535a9e,86e95e8,local
5760,4.7793303501756474,12.628405439149319,7.849075088973672,5.50971509908956,2.2770103220112508,0.06234966787286103,513028.9709654411,61.21905665655066,0.20783222624287012,7.590034406704169,78.69791666666667,1227,890.9568090438843,99.79166666666667,12,2728.304443359375,48.69791666666667,2955,6065.453277587891,4194,1883.663281491928,7.166628531168281,1686.674311529297,1580.9882062702773,0,5760,1.0,False,False,complete,sindy_mpc_conf_dagger,7,2023,0.06804703926423591,1630809012,20,100,priced,59.9,regen-v2,637c6b535a9e,86e95e8,local
5760,5.312436173871391,12.830915755740719,7.518479581869328,5.123942408959869,2.3871756144035663,0.007361558505892754,521255.9525769667,56.93269343288743,0.024538528352975847,7.957252048011888,63.83680555555556,2083,2049.8760118484497,100.0,0,0.0,68.4375,1818,3544.7096939086914,3901,1751.775183054529,0.8461561676999103,1768.2782323279298,1441.4324469081348,0,5760,1.0,False,False,complete,sindy_mpc_dense_dagger,7,2020,0.06291655560386061,1171211252,20,100,priced,52.3,regen-v2,637c6b535a9e,86e95e8,local
5760,-2.1823705895784924,6.3706288811421885,8.55299947072068,6.462469025629722,1.613750694826079,0.47677975026487834,258806.7982964014,71.8052113958858,1.589265834216261,5.379168982753597,69.34027777777779,1766,1582.6737651824951,99.34027777777777,38,22265.618041992188,71.21527777777777,1658,3064.5489501953125,3462,2209.3911191376687,54.802270132818165,1195.3708847421485,1238.472046119246,0,5760,1.0,False,False,complete,sindy_mpc_dense_dagger,7,2021,0.06291655560386061,1171211252,20,100,priced,51.2,regen-v2,637c6b535a9e,86e95e8,local
5760,1.8995355853669063,10.208434593210114,8.308899007843207,6.049051515446983,2.10750494043967,0.15234255195655422,414717.65534916084,67.21168350496649,0.5078085065218474,7.025016468132234,78.10763888888889,1261,1011.9983386993408,100.0,0,0.0,70.74652777777779,1685,3182.8904724121094,2946,2068.0518000408415,17.51063815391042,1561.114770655303,1272.2294991539636,0,5760,1.0,False,False,complete,sindy_mpc_dense_dagger,7,2022,0.06291655560386061,1171211252,20,100,priced,52.3,regen-v2,637c6b535a9e,86e95e8,local
5760,0.20452079573593762,7.9251712838538015,7.720650488117864,5.608114567530365,2.084699595566783,0.027836325020715594,321960.0834065607,62.31238408367073,0.09278775006905199,6.948998651889277,76.37152777777779,1361,1165.3720922470093,100.0,0,0.0,52.135416666666664,2757,5265.631439208984,4118,1917.3041245132015,3.199577604571977,1544.2219228022632,1674.5975993574943,0,5760,1.0,False,False,complete,sindy_mpc_dense_dagger,7,2023,0.06291655560386061,1171211252,20,100,priced,51.9,regen-v2,637c6b535a9e,86e95e8,local
5760,5.366669405803233,13.470873902181859,8.104204496378628,5.747661914992102,2.356457756133597,8.482525292783975e-05,547254.252276138,63.86291016657892,0.0002827508430927992,7.85485918711199,66.35416666666667,1938,1750.079833984375,100.0,0,0.0,72.48263888888889,1585,2908.056354522705,3523,1965.0126203365985,0.00975002864423277,1745.5242639769963,1443.1519938380661,0,5760,1.0,False,False,complete,sindy_mpc_conf_dagger,8,2020,0.08933269378702194,3854832093,20,100,priced,55.1,regen-v2,637c6b535a9e,86e95e8,local
5760,-2.027293760661577,7.459282333013013,9.48657609367459,7.687613924513533,1.7803935600416634,0.018568609119392933,303033.34477865364,85.41793249459482,0.06189536373130978,5.9346452001388785,71.875,1620,1253.8459815979004,99.39236111111111,35,22718.855224609375,60.954861111111114,2249,3586.248245239258,3904,2628.2440755123575,2.134322892055606,1318.81004404688,1367.1543459745135,0,5760,1.0,False,False,complete,sindy_mpc_conf_dagger,8,2021,0.08933269378702194,3854832093,20,100,priced,55.7,regen-v2,637c6b535a9e,86e95e8,local
5760,5.916151696769054,14.705248153895743,8.78909645712669,6.544882899921246,2.244213557205443,0.0,597400.7062520146,72.72092111023608,0.0,7.480711857351476,80.38194444444444,1130,785.474287033081,100.0,0,0.0,66.30208333333333,1941,3161.701686859131,3071,2237.566802736926,0.0,1662.3804123752468,1320.8936269044764,0,5760,1.0,False,False,complete,sindy_mpc_conf_dagger,8,2022,0.08933269378702194,3854832093,20,100,priced,61.0,regen-v2,637c6b535a9e,86e95e8,local
5760,1.350409440846437,10.034660721657763,8.684251280811326,6.371435739178978,2.3127417749394326,7.376669291406869e-05,407658.09181734663,70.79373043532199,0.000245888976380229,7.709139249798109,76.89236111111111,1331,962.6909551620483,100.0,0,0.0,56.510416666666664,2505,3928.5561332702637,3836,2178.2686296647908,0.008478930169406495,1713.1420543014387,1708.7831297480252,0,5760,1.0,False,False,complete,sindy_mpc_conf_dagger,8,2023,0.08933269378702194,3854832093,20,100,priced,54.9,regen-v2,637c6b535a9e,86e95e8,local
5760,5.555484993800855,13.791109967082136,8.23562497328128,5.278246650943197,2.9334379463737377,0.02394037596434355,560263.8424127117,58.64718501047997,0.07980125321447851,9.77812648791246,63.87152777777778,2081,2371.7838315963745,95.74652777777779,245,534949.4437255859,71.66666666666667,1632,3024.1409606933594,3958,1804.528769278339,2.751767346593205,2172.9169963975064,1402.5782302294951,0,5760,1.0,False,False,complete,sindy_mpc_dense_dagger,8,2020,0.0449064670627675,3242916139,20,100,priced,54.1,regen-v2,637c6b535a9e,86e95e8,local
5760,-1.9669219360384933,7.40059177500518,9.367513711043674,6.712908282576119,2.153987907256231,0.5006175212113233,300649.04085958545,74.58786980640132,1.668725070704411,7.179959690854103,68.07291666666667,1839,1819.4048776626587,93.68055555555556,364,656602.4996795654,73.17708333333334,1545,2686.4626083374023,3748,2295.011379125289,57.54224374222676,1595.5465980009235,1228.293883668172,0,5760,1.0,False,False,complete,sindy_mpc_dense_dagger,8,2021,0.0449064670627675,3242916139,20,100,priced,53.3,regen-v2,637c6b535a9e,86e95e8,local
5760,2.0423993671601934,11.174485076743732,9.132085709583539,6.342807245624868,2.599179593021889,0.19009887093678116,453963.4562427142,70.47563606249854,0.6336629031226039,8.66393197673963,77.48263888888889,1297,1168.4194917678833,91.31944444444444,500,746178.4567871094,72.5,1584,2635.516647338867,3381,2168.4811097035217,21.850444940925453,1925.3182169211918,1225.568565968851,0,5760,1.0,False,False,complete,sindy_mpc_dense_dagger,8,2022,0.0449064670627675,3242916139,20,100,priced,53.5,regen-v2,637c6b535a9e,86e95e8,local
5760,0.6431928496460594,9.16332932416885,8.520136474522788,5.844187467887392,2.5719885055747613,0.10396050106063484,372260.25379435945,64.93541630985992,0.34653500353544947,8.573295018582538,76.14583333333333,1374,1307.9060726165771,97.72569444444444,131,369535.0076904297,55.53819444444444,2561,4575.718402862549,4066,1998.012808100642,11.94948289757172,1905.1766716949542,1659.8376285449526,0,5760,1.0,False,False,complete,sindy_mpc_dense_dagger,8,2023,0.0449064670627675,3242916139,20,100,priced,54.5,regen-v2,637c6b535a9e,86e95e8,local
5760,8.066312484172737,14.910864929578686,6.844552445405949,4.750041881147067,1.8934528715719279,0.20105769268695356,605753.8877641341,52.7782431238563,0.6701923089565119,6.311509571906426,62.74305555555556,2146,2401.2378301620483,100.0,0,0.0,61.5625,2214,4640.476387023926,4360,1623.9459419693057,23.110079728871057,1402.557682829694,1606.6964454802433,0,5760,1.0,False,False,complete,sindy_mpc_conf_dagger,9,2020,0.0,2952449224,20,100,priced,61.1,regen-v2,637c6b535a9e,86e95e8,local
5760,2.575185983973142,11.649923936595943,9.074737952622801,6.781270884134012,1.6115128472022169,0.6819542212865701,473278.15992421017,75.3474542681557,2.2731807376219004,5.371709490674056,67.74305555555556,1858,1624.2852058410645,100.0,0,0.0,49.114583333333336,2931,5636.944496154785,4789,2318.3832096676733,78.38554253548844,1193.7132204008678,1447.7988949645073,0,5760,1.0,False,False,complete,sindy_mpc_conf_dagger,9,2021,0.0,2952449224,20,100,priced,61.0,regen-v2,637c6b535a9e,86e95e8,local
5760,5.387193753191669,13.78726557916567,8.400071825974,5.763973902365784,1.8261428154097001,0.8099551081985167,560107.6641536054,64.04415447073093,2.6998503606617223,6.087142718032334,71.64930555555556,1633,1667.9392766952515,100.0,0,0.0,57.76041666666667,2433,4760.330509185791,4066,1970.5893683418008,93.09828844267983,1352.6983812969897,1397.3447272227309,0,5760,1.0,False,False,complete,sindy_mpc_conf_dagger,9,2022,0.0,2952449224,20,100,priced,61.0,regen-v2,637c6b535a9e,86e95e8,local
5760,4.227781025494865,11.884123358845933,7.65634233335107,5.534308994108779,2.0077169171728815,0.11431642206941033,482792.5114531161,61.49232215676421,0.38105474023136776,6.6923897239096055,70.74652777777779,1685,1418.7492055892944,100.0,0,0.0,46.90972222222222,3058,5247.6642990112305,4743,1892.0714518388438,13.139818698805362,1487.1977165942972,1833.2800150495639,0,5760,1.0,False,False,complete,sindy_mpc_conf_dagger,9,2023,0.0,2952449224,20,100,priced,60.8,regen-v2,637c6b535a9e,86e95e8,local
5760,5.312051316022772,13.286507055560502,7.9744557395377305,5.250465664304471,2.7085575239715007,0.015432551261759363,539764.3491321454,58.338507381160795,0.05144183753919788,9.028525079905004,61.84027777777777,2198,2493.545400619507,98.81944444444444,68,11080.191528320312,72.91666666666666,1560,2239.7943725585938,3826,1795.0309955275952,1.773856442137731,2006.3389066910008,1508.0602849190795,0,5760,1.0,False,False,complete,sindy_mpc_dense_dagger,9,2020,0.03850127721248819,2371858711,20,100,priced,53.0,regen-v2,637c6b535a9e,86e95e8,local
5760,-1.7248721423902378,7.351032139835229,9.075904282225466,6.757397761234938,1.8749181408847777,0.44358838010575,298635.68068080617,75.08219734705487,1.4786279336858335,6.249727136282592,66.73611111111111,1916,1868.2955112457275,99.35763888888889,37,2600.887680053711,71.63194444444444,1634,2431.5411376953125,3587,2310.221458126914,50.98717023582963,1388.8282529937974,1300.3045297784593,0,5760,1.0,False,False,complete,sindy_mpc_dense_dagger,9,2021,0.03850127721248819,2371858711,20,100,priced,52.0,regen-v2,637c6b535a9e,86e95e8,local
5760,1.7121601005452636,10.623425366446511,8.911265265901248,6.270843334902195,2.3357666898257983,0.30465524117325304,431576.6555118895,69.67603705446884,1.0155174705775103,7.785888966085994,73.75,1512,1559.348401069641,99.73958333333334,15,1720.2562255859375,71.90972222222223,1618,2290.825294494629,3145,2143.8780628072927,35.01784391513901,1730.1975482356972,1291.6355358196715,0,5760,1.0,False,False,complete,sindy_mpc_dense_dagger,9,2022,0.03850127721248819,2371858711,20,100,priced,52.2,regen-v2,637c6b535a9e,86e95e8,local
5760,0.6422334508537391,8.945533962630634,8.303300511776893,5.84092539944287,2.4180478176323374,0.04432729470168706,363412.3172318695,64.89917110492078,0.14775764900562355,8.060159392107792,74.39236111111111,1475,1440.1748504638672,99.61805555555556,22,3912.224609375,54.98263888888889,2593,3591.5023612976074,4090,1996.8975713216778,5.095091349751547,1791.1465313868193,1731.9353236209918,0,5760,1.0,False,False,complete,sindy_mpc_dense_dagger,9,2023,0.03850127721248819,2371858711,20,100,priced,52.3,regen-v2,637c6b535a9e,86e95e8,local
5760,-2.5661303597316523,5.814602824278806,8.380733184010458,0.4030223607318697,2.1847433738531574,5.792967449425431,236218.2397363265,4.478026230354108,19.30989149808477,7.282477912843858,30.052083333333336,4029,19167.624801158905,94.91319444444444,293,172384.5213623047,28.55902777777778,4115,25734.348377227783,8437,137.78542234690983,665.8583274097841,1618.3284247324368,1373.5087126883045,0,5760,1.0,False,False,complete,sindy_mpc_conf_dagger,10,2020,0.0,945122536,20,100,priced,68.5,regen-v2,637c6b535a9e,86e95e8,local
5760,-1.8830877183374202,3.945388214098385,5.828475932435805,0.7613456604221706,1.8338682988909047,3.23326197312273,160281.3961977469,8.459396226913006,10.7775399104091,6.112894329636349,20.399305555555554,4585,23524.441216230392,86.71875,765,596406.5317382812,20.95486111111111,4553,32862.021183013916,9903,260.28911438048976,371.6393072068822,1358.420961334431,1184.5873060903086,0,5760,1.0,False,False,complete,sindy_mpc_conf_dagger,10,2021,0.0,945122536,20,100,priced,75.9,regen-v2,637c6b535a9e,86e95e8,local
5760,-3.4260437238652854,6.634467107278121,10.060510831143405,0.8890891694081832,2.2092209265186247,6.962200735216598,269525.2262331737,9.878768548979814,23.207335784055328,7.364069755062083,29.96527777777778,4034,20282.55235671997,85.48611111111111,836,813235.8850097656,34.010416666666664,3801,23962.47049331665,8671,303.96210941505944,800.2529581288987,1636.4599437053225,1149.288737666035,0,5760,1.0,False,False,complete,sindy_mpc_conf_dagger,10,2022,0.0,945122536,20,100,priced,73.7,regen-v2,637c6b535a9e,86e95e8,local
5760,0.08577477474222828,5.167250011083942,5.0814752363417135,0.25306479228589523,2.1410908200189764,2.687319624036842,209919.53170028515,2.811831025398836,8.957732080122808,7.136969400063255,28.00347222222222,4147,17623.575738430023,96.38888888888889,208,174118.7646484375,27.604166666666668,4170,30844.125984191895,8525,86.51787771497833,308.8873130813262,1585.9932005217056,1541.9964298203363,0,5760,1.0,False,False,complete,sindy_mpc_conf_dagger,10,2023,0.0,945122536,20,100,priced,65.2,regen-v2,637c6b535a9e,86e95e8,local
5760,6.515707818514578,14.39782493916306,7.882117120648484,5.025021963743717,2.843156713545407,0.013938443359360099,584911.6381534993,55.83357737493019,0.04646147786453367,9.477189045151357,61.82291666666667,2199,2495.032651901245,98.87152777777779,65,55444.02648925781,72.06597222222221,1609,3513.8544960021973,3873,1717.956227308705,1.6021199397949581,2106.042010524713,1414.184710190297,0,5760,1.0,False,False,complete,sindy_mpc_dense_dagger,10,2020,0.041566000928297965,2509677180,20,100,priced,54.2,regen-v2,637c6b535a9e,86e95e8,local
5760,-0.791440519970557,8.715844585194255,9.507285105164812,6.840276367290844,2.150988495700184,0.5160202421737835,354081.1862735166,76.00307074767605,1.7200674739126118,7.169961652333947,66.64930555555556,1921,1863.2658252716064,97.79513888888889,127,141727.181640625,71.12847222222223,1663,3240.036766052246,3711,2338.556023785426,59.31267149371787,1593.3248116754226,1255.8108343492004,0,5760,1.0,False,False,complete,sindy_mpc_dense_dagger,10,2021,0.041566000928297965,2509677180,20,100,priced,53.7,regen-v2,637c6b535a9e,86e95e8,local
5760,3.340428662202608,12.19359659531019,8.853167933107583,6.1171546877848275,2.5091214794853367,0.22689176583741794,495364.8616844765,67.96838541983142,0.7563058861247265,8.363738264951122,75.38194444444444,1418,1369.454873085022,97.63888888888889,136,111923.2236328125,72.06597222222221,1609,3336.159149169922,3163,2091.334936219492,26.079513313658612,1858.60850246995,1231.2466128597578,0,5760,1.0,False,False,complete,sindy_mpc_dense_dagger,10,2022,0.041566000928297965,2509677180,20,100,priced,53.3,regen-v2,637c6b535a9e,86e95e8,local
5760,1.9740503249032086,10.246292010596875,8.272241685693665,5.6008027936505655,2.6314381970112404,0.04000069503185805,416255.61293049797,62.231142151672955,0.1333356501061935,8.771460656704136,74.96527777777777,1442,1380.4530096054077,99.56597222222221,25,18078.627319335938,55.97222222222222,2536,4604.537185668945,4003,1914.8043741369227,4.59778101726824,1949.2134785667827,1651.3042898341241,0,5760,1.0,False,False,complete,sindy_mpc_dense_dagger,10,2023,0.041566000928297965,2509677180,20,100,priced,54.4,regen-v2,637c6b535a9e,86e95e8,local
5760,2.927132778706433,14.250677233789816,11.323544455083383,5.089374100239507,2.1327694994952875,4.101400855348588,578933.7626227112,56.5486011137723,13.671336184495296,7.109231664984292,57.03125,2475,2439.742735862732,100.0,0,0.0,70.97222222222223,1672,3374.624526977539,4147,1739.9569579775884,471.4253857298137,1579.8292591023637,1395.6459888376846,0,5760,1.0,False,False,complete,sindy_mpc_conf_dagger,11,2020,0.06524293761070162,3330206935,20,100,priced,55.9,regen-v2,637c6b535a9e,86e95e8,local
5760,-2.8751886492938636,7.945980077191926,10.821168726485789,6.97116299130043,1.6391590178711235,2.2108467173142357,322805.440635922,77.45736657000478,7.369489057714119,5.463863392903745,65.29513888888889,1999,1508.154860496521,99.53125,27,8994.4970703125,58.00347222222222,2419,4369.213432312012,4445,2383.303584612914,254.12031226410474,1214.1918654317597,1320.6541325411122,0,5760,1.0,False,False,complete,sindy_mpc_conf_dagger,11,2021,0.06524293761070162,3330206935,20,100,priced,54.4,regen-v2,637c6b535a9e,86e95e8,local
5760,-2.6360469206926047,10.442636752599046,13.07868367329165,6.159894233714405,1.9296760280401772,4.989113411537068,424232.1180743362,68.44326926349339,16.630378038456893,6.432253426800591,72.10069444444444,1607,1295.9970684051514,100.0,0,0.0,66.77083333333333,1914,3546.7170639038086,3521,2105.9467459112216,573.4613115521146,1429.3896496522082,1296.6693691862852,0,5760,1.0,False,False,complete,sindy_mpc_conf_dagger,11,2022,0.06524293761070162,3330206935,20,100,priced,56.9,regen-v2,637c6b535a9e,86e95e8,local
5760,-0.3307123040291717,9.115813291274158,9.446525595303331,5.574406204097469,2.078753839679241,1.7933655515266205,370329.9149580127,61.93784671219411,5.977885171755402,6.92917946559747,64.23611111111111,2060,1654.7236623764038,100.0,0,0.0,57.34375000000001,2457,3473.732707977295,4517,1905.7798988675147,206.13397141216893,1539.8176601437976,1668.9944151640434,0,5760,1.0,False,False,complete,sindy_mpc_conf_dagger,11,2023,0.06524293761070162,3330206935,20,100,priced,53.9,regen-v2,637c6b535a9e,86e95e8,local
5760,3.8825829136478283,11.697669347243515,7.815086433595686,5.193324249609519,2.593172282848425,0.028589901137741947,475217.8172317678,57.70360277343911,0.09529967045913983,8.64390760949475,66.09375,1953,2202.6070947647095,94.93055555555556,292,251811.09765625,69.82638888888889,1738,3338.9774284362793,3983,1775.4954706187068,3.286195525096117,1920.8683561093644,1470.009096297426,0,5760,1.0,False,False,complete,sindy_mpc_dense_dagger,11,2020,0.0388824013887841,1581414927,20,100,priced,53.4,regen-v2,637c6b535a9e,86e95e8,local
5760,-2.97615321062804,5.535557628875839,8.51171083950388,6.253420512325649,1.723747447225507,0.5345428799527231,224882.02867308096,69.48245013695166,1.7818095998424104,5.745824824085023,68.48958333333334,1815,1892.3389835357666,94.96527777777779,290,269522.431930542,71.44097222222221,1645,2622.9083404541016,3750,2137.9215432204874,61.44171032557521,1276.849960712504,1248.8571190619596,0,5760,1.0,False,False,complete,sindy_mpc_dense_dagger,11,2021,0.0388824013887841,1581414927,20,100,priced,52.2,regen-v2,637c6b535a9e,86e95e8,local
5760,0.6423443117195791,9.26873322919758,8.626388917478,6.193635308229927,2.2093412700092223,0.22341233923885137,376542.28743615164,68.81817009144363,0.7447077974628379,7.364470900030741,78.73263888888889,1225,1125.8764543533325,94.94791666666667,291,189339.3917236328,71.80555555555556,1624,2710.9253845214844,3140,2117.482158095305,25.679579107213087,1636.5490897082568,1262.1782119643892,0,5760,1.0,False,False,complete,sindy_mpc_dense_dagger,11,2022,0.0388824013887841,1581414927,20,100,priced,52.8,regen-v2,637c6b535a9e,86e95e8,local
5760,-1.0374375991868818,6.678366133936324,7.715803733123206,5.469275188758016,2.130854473140783,0.11567407122440634,271308.62419116317,60.769724319533516,0.38558023741468783,7.10284824380261,77.06597222222223,1321,1324.4066648483276,97.25694444444444,158,150589.1121826172,54.77430555555556,2605,4330.322826385498,4084,1869.8376721357863,13.295870208320746,1578.4107200082942,1682.5933706270437,0,5760,1.0,False,False,complete,sindy_mpc_dense_dagger,11,2023,0.0388824013887841,1581414927,20,100,priced,52.9,regen-v2,637c6b535a9e,86e95e8,local
5760,1.8942960351190767,13.743410740973633,11.849114705854557,5.061614976298296,2.0751304020381087,4.712369327518152,558326.0613520539,56.240166403314404,15.707897758393841,6.917101340127029,62.34375,2169,2070.0493898391724,100.0,0,0.0,62.517361111111114,2159,3921.666084289551,4328,1730.466658600304,541.6516466755165,1537.1336313406637,1548.9386521234146,0,5760,1.0,False,False,complete,sindy_mpc_conf_dagger,12,2020,0.06964102872873089,2162669881,20,100,priced,55.8,regen-v2,637c6b535a9e,86e95e8,local
5760,-3.5367787979084007,7.903592642226084,11.440371440134484,7.052832173039473,1.6557125537279849,2.731826713367026,321083.4510904346,78.36480192266082,9.106089044556754,5.51904184575995,68.29861111111111,1826,1342.0107526779175,99.67013888888889,19,3087.1829833984375,56.35416666666667,2514,4291.078262329102,4359,2411.2246746230685,314.00307036806487,1226.4537433936653,1375.3432562866665,0,5760,1.0,False,False,complete,sindy_mpc_conf_dagger,12,2021,0.06964102872873089,2162669881,20,100,priced,54.6,regen-v2,637c6b535a9e,86e95e8,local
5760,1.1352456237749895,15.117485342832085,13.982239719057095,6.027928205956789,2.0063591437541115,5.9479523693461935,614147.8420525534,66.97698006618654,19.826507897820647,6.687863812513705,78.80208333333333,1221,1206.1453113555908,100.0,0,0.0,61.875,2196,3889.4194984436035,3417,2060.8301555717167,683.6726861086138,1486.1919571731999,1359.2163982425616,0,5760,1.0,False,False,complete,sindy_mpc_conf_dagger,12,2022,0.06964102872873089,2162669881,20,100,priced,61.4,regen-v2,637c6b535a9e,86e95e8,local
5760,0.5044907688139143,10.404618915685901,9.900128146871987,5.60486044874953,2.123552164514045,2.1717155336084133,422687.6434497398,62.276227208328116,7.239051778694711,7.078507215046818,73.50694444444444,1526,1167.1336059570312,100.0,0,0.0,50.45138888888889,2854,4119.632171630859,4380,1916.1916052756715,249.62247530537087,1573.001603826768,1780.8408816582032,0,5760,1.0,False,False,complete,sindy_mpc_conf_dagger,12,2023,0.06964102872873089,2162669881,20,100,priced,54.8,regen-v2,637c6b535a9e,86e95e8,local
5760,0.2690552529265977,8.092415520495269,7.823360267568672,5.291942052827198,2.494427714322631,0.03699050041884183,328754.3805201203,58.79935614252443,0.12330166806280611,8.314759047742104,67.84722222222223,1852,1892.4980835914612,92.10069444444444,455,351285.35009765625,63.59375000000001,2097,4671.766174316406,4404,1809.2109566947354,4.251781678297836,1847.724232400528,1375.512991608889,0,5760,1.0,False,False,complete,sindy_mpc_dense_dagger,12,2020,0.05062316265599828,2061347553,20,100,priced,53.6,regen-v2,637c6b535a9e,86e95e8,local
5760,-2.0106697322842817,7.586607996587075,9.597277728871358,7.325178446163502,1.868881051135111,0.4032182315727455,308205.94986134995,81.39087162403891,1.3440607719091517,6.229603503783704,72.82986111111111,1565,1287.0031337738037,95.13888888888889,280,200163.62957763672,55.81597222222222,2545,5733.948036193848,4390,2504.334510027643,46.34692300152469,1384.3563336133177,1219.2958645298797,0,5760,1.0,False,False,complete,sindy_mpc_dense_dagger,12,2021,0.05062316265599828,2061347553,20,100,priced,52.7,regen-v2,637c6b535a9e,86e95e8,local
5225,-1.4526609463835023,6.997820960698544,8.450481907082045,6.38604413326601,1.909401950658856,0.1550358231571794,284286.4765283783,70.95604592517789,0.516786077190598,6.364673168862853,77.11004784688996,1196,1012.9547214508057,92.89952153110048,371,266571.60803222656,59.69377990430622,2106,4328.199989318848,3673,2183.2629516697157,17.82020958463472,1414.3718150726847,1041.060159964766,0,5760,0.9071,True,False,env_terminated,sindy_mpc_dense_dagger,12,2022,0.05062316265599828,2061347553,20,100,priced,48.3,regen-v2,637c6b535a9e,86e95e8,local
5760,-1.0695536952904403,7.063724563260465,8.133278258550906,5.831642725624047,2.193418442056882,0.10821709086997434,286963.81038245634,64.79603028471163,0.3607236362332478,7.311394806856274,79.56597222222223,1177,997.2623376846313,95.85069444444444,239,183532.53271484375,46.99652777777778,3053,6853.570213317871,4469,1993.7240086937122,12.438746204666575,1624.7544014433302,1610.6606304335537,0,5760,1.0,False,False,complete,sindy_mpc_dense_dagger,12,2023,0.05062316265599828,2061347553,20,100,priced,52.9,regen-v2,637c6b535a9e,86e95e8,local
5760,7.951195480975809,15.294157583580274,7.342962102604466,5.259750099400462,2.0493096773275745,0.03390232587642967,621325.1518329487,58.441667771116244,0.11300775292143224,6.831032257758582,63.68055555555555,2092,1730.1628074645996,100.0,0,0.0,71.63194444444444,1634,2874.565643310547,3726,1798.2051617514762,3.896819089604095,1518.0071679556918,1419.2986957768778,0,5760,1.0,False,False,complete,sindy_mpc_conf_dagger,13,2020,0.07877374222177688,2281768594,20,100,priced,60.0,regen-v2,637c6b535a9e,86e95e8,local
5760,2.843238654201052,12.194684610252924,9.351445956051872,7.215294656063112,1.73461525723357,0.4015360427551902,495409.0622915251,80.16994062292348,1.3384534758506341,5.782050857445234,72.82986111111111,1565,995.6913175582886,100.0,0,0.0,61.04166666666667,2244,3816.4453353881836,3809,2466.7674041069886,46.15356819713577,1284.900190291618,1233.309214817295,0,5760,1.0,False,False,complete,sindy_mpc_conf_dagger,13,2021,0.07877374222177688,2281768594,20,100,priced,59.2,regen-v2,637c6b535a9e,86e95e8,local
5760,5.50047975484722,14.095532323664802,8.595052568817582,6.4477618156978895,1.9090412763920361,0.23824947672765695,572631.0006488826,71.64179795219877,0.7941649224255232,6.363470921306788,78.64583333333334,1230,1113.3980340957642,100.0,0,0.0,66.92708333333334,1905,2941.8675270080566,3135,2204.3630144122526,27.38499729347033,1414.10464933393,1254.654059450962,0,5760,1.0,False,False,complete,sindy_mpc_conf_dagger,13,2022,0.07877374222177688,2281768594,20,100,priced,60.0,regen-v2,637c6b535a9e,86e95e8,local
5760,4.392178729805776,12.290359554948466,7.898180825142688,5.72242194664255,2.10143019003806,0.07432868846207857,499295.8569197814,63.58246607380611,0.24776229487359525,7.0047673001268675,76.57986111111111,1349,904.9540605545044,100.0,0,0.0,56.96180555555556,2479,4004.007957458496,3828,1956.3835716566318,8.543527442905754,1556.61495584561,1626.2210143225293,0,5760,1.0,False,False,complete,sindy_mpc_conf_dagger,13,2023,0.07877374222177688,2281768594,20,100,priced,59.8,regen-v2,637c6b535a9e,86e95e8,local
5760,5.466525503962406,13.197208578831107,7.7306830748687005,5.157575166736249,2.5678129673896004,0.0052949407428503036,536136.5985150137,57.30639074151388,0.01764980247616768,8.559376557965335,62.916666666666664,2136,2261.9333906173706,98.97569444444444,59,18589.7041015625,68.10763888888889,1837,3577.0966835021973,4032,1763.2735613094576,0.6086138712113287,1902.0836795723537,1437.2616806531519,0,5760,1.0,False,False,complete,sindy_mpc_dense_dagger,13,2020,0.06220019934976759,1495447077,20,100,priced,53.0,regen-v2,637c6b535a9e,86e95e8,local
5760,-1.824395212616315,6.632174450194581,8.456569662810896,6.3487023609651425,1.675073231968737,0.4327940698770163,269432.08703915484,70.54113734405715,1.4426468995900543,5.58357743989579,67.03125,1899,1770.272699356079,98.38541666666667,93,59718.041580200195,68.87152777777777,1793,3442.108055114746,3785,2170.4965339779683,49.74644473891696,1240.794986998189,1238.541952863699,0,5760,1.0,False,False,complete,sindy_mpc_dense_dagger,13,2021,0.06220019934976759,1495447077,20,100,priced,52.0,regen-v2,637c6b535a9e,86e95e8,local
5760,1.8898726982249179,10.52525330496048,8.635380606735563,6.213163826976047,2.2026526585593604,0.2195641212001536,427588.4155140195,69.0351536330672,0.731880404000512,7.342175528531202,76.80555555555556,1336,1137.8764553070068,98.83680555555556,67,29081.8525390625,71.40625,1647,2929.8038063049316,3050,2124.1585727023357,25.237255287633836,1631.5945620489981,1255.5067030338273,0,5760,1.0,False,False,complete,sindy_mpc_dense_dagger,13,2022,0.06220019934976759,1495447077,20,100,priced,52.7,regen-v2,637c6b535a9e,86e95e8,local
5760,0.5709541082709597,8.164908033420302,7.593953925149342,5.424082727620036,2.135738780727407,0.03413241680189967,331699.38885769976,60.26758586244484,0.1137747226729989,7.119129269091357,74.13194444444444,1490,1340.140679359436,99.44444444444444,32,19492.147705078125,51.89236111111111,2771,5190.2161865234375,4293,1854.387256990727,3.923266316553983,1582.0287268592747,1666.632311726441,0,5760,1.0,False,False,complete,sindy_mpc_dense_dagger,13,2023,0.06220019934976759,1495447077,20,100,priced,53.2,regen-v2,637c6b535a9e,86e95e8,local
5760,3.9981723361673653,16.566577960558327,12.568405624390962,5.178902183332477,2.3639010445225876,5.025602396535897,673017.229647682,57.54335759258308,16.75200798845299,7.879670148408626,57.49999999999999,2448,2627.571807861328,100.0,0,0.0,76.28472222222223,1366,2996.8273582458496,3814,1770.5648483859397,577.6554479189349,1751.0378100414832,1513.0718176271978,0,5760,1.0,False,False,complete,sindy_mpc_conf_dagger,14,2020,0.06344481392167016,1774647503,20,100,priced,62.1,regen-v2,637c6b535a9e,86e95e8,local
5760,-3.2845548333616827,8.167687636583834,11.452242469945515,7.427258036579371,1.8708702568697206,2.1541141764964253,331812.31023621827,82.52508929532634,7.180380588321418,6.236234189565736,62.22222222222222,2176,1964.8417406082153,100.0,0,0.0,69.65277777777777,1748,2221.518730163574,3924,2539.2335161023925,247.59933077404534,1385.8298204701525,1330.4035656130561,0,5760,1.0,False,False,complete,sindy_mpc_conf_dagger,14,2021,0.06344481392167016,1774647503,20,100,priced,57.3,regen-v2,637c6b535a9e,86e95e8,local
5760,2.1534851843206497,15.37078669849923,13.21730151417858,6.294357251175775,2.2178970805920404,4.705047182410764,624438.2096265312,69.93730279084195,15.683490608035882,7.392990268640135,71.63194444444444,1634,1485.1717205047607,100.0,0,0.0,73.73263888888889,1513,2982.7836418151855,3147,2151.917008444974,540.8100209881213,1642.8867268751385,1324.7779723120877,0,5760,1.0,False,False,complete,sindy_mpc_conf_dagger,14,2022,0.06344481392167016,1774647503,20,100,priced,62.2,regen-v2,637c6b535a9e,86e95e8,local
5760,2.4270876389386022,12.985979057136706,10.558891418198105,5.9066288476742175,2.500691025036276,2.151571545487612,527555.3991961788,65.62920941860241,7.171905151625374,8.335636750120921,65.43402777777779,1991,1754.670639038086,100.0,0,0.0,67.91666666666667,1848,2389.0170249938965,3839,2019.3602899042344,247.3070740611072,1852.3637221856475,1717.3177969044164,0,5760,1.0,False,False,complete,sindy_mpc_conf_dagger,14,2023,0.06344481392167016,1774647503,20,100,priced,62.0,regen-v2,637c6b535a9e,86e95e8,local
5760,5.866278142247273,13.867448541685278,8.001170399438006,5.280811132494306,2.7123930208970153,0.007966246046684682,563365.0970059645,58.675679249936735,0.02655415348894894,9.041310069656719,60.12152777777777,2297,2845.559280395508,98.78472222222221,70,29647.5166015625,75.01736111111111,1439,2565.973243713379,3806,1805.4055153557035,0.9156604431368529,2009.1800151231748,1469.1342586392643,0,5760,1.0,False,False,complete,sindy_mpc_dense_dagger,14,2020,0.04283264731247786,971073389,20,100,priced,53.2,regen-v2,637c6b535a9e,86e95e8,local
5760,-1.51548138603542,7.5589548984664265,9.074436284501846,6.6996068675137606,1.8924371860503628,0.48239223093772304,307082.54275019857,74.44007630570846,1.6079741031257435,6.30812395350121,63.97569444444444,2075,2308.4983310699463,98.99305555555556,58,13421.450302124023,74.16666666666667,1488,2006.7031707763672,3621,2290.4638857671066,55.44738277287978,1401.805323164314,1281.3104215744213,0,5760,1.0,False,False,complete,sindy_mpc_dense_dagger,14,2021,0.04283264731247786,971073389,20,100,priced,52.1,regen-v2,637c6b535a9e,86e95e8,local
5760,2.3233432140282653,11.313059589523593,8.989716375495327,6.357928919058379,2.363457965551775,0.26832949088517327,459593.04582439596,70.64365465620422,0.894431636283911,7.878193218505917,72.62152777777777,1577,1632.348656654358,99.375,36,5764.2904052734375,78.64583333333334,1230,1564.5743255615234,2843,2173.6509131558823,30.84247023715955,1750.709604105387,1248.16348842474,0,5760,1.0,False,False,complete,sindy_mpc_dense_dagger,14,2022,0.04283264731247786,971073389,20,100,priced,52.9,regen-v2,637c6b535a9e,86e95e8,local
5760,1.051943112549321,9.290160688800855,8.238217576251532,5.7298105410455715,2.453367317111854,0.05503971809410722,377412.7779825347,63.66456156717302,0.18346572698035743,8.177891057039515,72.10069444444444,1607,1659.7256755828857,99.65277777777779,20,9914.500366210938,60.520833333333336,2274,2811.5958824157715,3901,1958.9095873555602,6.326404387164098,1817.3091226131887,1689.4179634203529,0,5760,1.0,False,False,complete,sindy_mpc_dense_dagger,14,2023,0.04283264731247786,971073389,20,100,priced,53.9,regen-v2,637c6b535a9e,86e95e8,local
5760,3.55872493486288,13.02489751816615,9.466172583303269,4.831177295330514,3.0690759436877455,1.565919344285008,529136.4616754998,53.6797477258946,5.219731147616693,10.230253145625818,58.69791666666667,2379,3051.8876852989197,95.45138888888889,262,61449.5126953125,63.854166666666664,2082,3937.251003265381,4723,1651.6845454447825,179.99072928136167,2273.389587941222,1682.896265039088,0,5760,1.0,False,False,complete,sindy_mpc_conf_dagger,15,2020,0.06012418185011349,2133167996,20,100,priced,56.3,regen-v2,637c6b535a9e,86e95e8,local
5760,-2.837297113085901,7.2600130102786,10.097310123364501,7.110304194771796,2.299351750267799,0.6876541783249062,294938.02854256815,79.00337994190885,2.292180594416354,7.664505834225998,62.864583333333336,2139,2249.3912591934204,97.10069444444444,167,28219.777862548828,53.59374999999999,2673,4832.778316497803,4979,2430.8732302088333,79.0407100947927,1703.2235183802768,1544.1643318290155,0,5760,1.0,False,False,complete,sindy_mpc_conf_dagger,15,2021,0.06012418185011349,2133167996,20,100,priced,55.4,regen-v2,637c6b535a9e,86e95e8,local
5760,1.8063178530736952,13.796513867114953,11.99019601404126,5.940237066991667,2.9493851058580898,3.1005738411915025,560483.375851545,66.00263407768519,10.335246137305008,9.831283686193633,69.79166666666666,1740,2347.366593360901,98.45486111111111,89,16571.787963867188,61.90972222222222,2194,4844.829967498779,4023,2030.850279485399,356.3877979867535,2184.7297081755096,1464.4106495113942,0,5760,1.0,False,False,complete,sindy_mpc_conf_dagger,15,2022,0.06012418185011349,2133167996,20,100,priced,61.5,regen-v2,637c6b535a9e,86e95e8,local
5760,0.2662760147818665,10.022011039331087,9.755735024549223,5.655552796888119,3.380822844031312,0.7193593836297902,407144.19847282546,62.83947552097911,2.397864612099301,11.269409480104374,62.58680555555556,2155,2338.161741256714,98.38541666666667,93,15159.787353515625,52.864583333333336,2715,4022.214443206787,4963,1933.5223227122112,82.68498665052672,2504.3132182363343,1917.5105015838217,0,5760,1.0,False,False,complete,sindy_mpc_conf_dagger,15,2023,0.06012418185011349,2133167996,20,100,priced,55.5,regen-v2,637c6b535a9e,86e95e8,local
5760,5.473991190368044,13.335203595306393,7.86121240493835,5.26669924834674,2.5558044376286406,0.038708718962967396,541742.6460593222,58.518880537186,0.12902906320989133,8.519348125428802,67.36111111111111,1880,2415.1880044937134,96.66666666666667,192,103455.35632324219,70.24305555555556,1714,3859.952407836914,3786,1800.5809400236756,4.449278006729397,1893.1884727800207,1496.7410596401664,0,5760,1.0,False,False,complete,sindy_mpc_dense_dagger,15,2020,0.03639958915391779,4165992752,20,100,priced,55.6,regen-v2,637c6b535a9e,86e95e8,local
5760,-1.9381162989872793,6.682141573484724,8.620257872472003,6.475661293646401,1.664154327193984,0.4804422516316197,271462.00142281695,71.95179215162668,1.601474172105399,5.547181090646614,67.86458333333333,1851,2143.551121711731,97.25694444444444,158,57933.449783325195,68.14236111111111,1835,3887.3790130615234,3844,2213.9012972773016,55.22324749313416,1232.7069094148237,1315.1003505561052,0,5760,1.0,False,False,complete,sindy_mpc_dense_dagger,15,2021,0.03639958915391779,4165992752,20,100,priced,55.2,regen-v2,637c6b535a9e,86e95e8,local
5760,1.8220279620731417,10.551813927326444,8.729785965253303,6.340666713222073,2.180831596670493,0.2082876553607348,428667.44079763675,70.45185236913414,0.6942921845357827,7.26943865556831,77.55208333333333,1293,1374.5053424835205,97.74305555555556,130,49108.38415527344,69.02777777777777,1784,3491.184543609619,3207,2167.749303060635,23.941109717388,1615.4308117413582,1273.2301835722465,0,5760,1.0,False,False,complete,sindy_mpc_dense_dagger,15,2022,0.03639958915391779,4165992752,20,100,priced,55.1,regen-v2,637c6b535a9e,86e95e8,local
5760,0.4228350271880186,8.119896439055298,7.6970614118672795,5.569870323999915,2.043696139313326,0.083494948554039,329870.79283662146,61.8874480444435,0.27831649518013,6.812320464377754,78.02083333333333,1266,1404.1643829345703,98.69791666666666,75,28809.106689453125,50.81597222222223,2833,6582.516979217529,4174,1904.2291713636823,9.597120454557965,1513.8489916801254,1742.6323160333054,0,5760,1.0,False,False,complete,sindy_mpc_dense_dagger,15,2023,0.03639958915391779,4165992752,20,100,priced,56.1,regen-v2,637c6b535a9e,86e95e8,local
5760,4.319867436928783,16.017846978317145,11.69797954138836,5.119193615811468,2.314853688516933,4.263932237059958,650725.033494134,56.87992906457187,14.213107456866528,7.71617896172311,49.895833333333336,2886,3483.344192504883,100.0,0,0.0,81.96180555555556,1039,2109.3983154296875,3925,1750.1516638134376,490.1071536213719,1714.7064357040008,1401.088063495153,0,5760,1.0,False,False,complete,sindy_mpc_conf_dagger,16,2020,0.057817073375609915,4124163685,20,100,priced,61.3,regen-v2,637c6b535a9e,86e95e8,local
5760,-3.335630114337864,8.40904354543013,11.744673659767994,7.303003024288243,1.8363527006961688,2.605317934783581,341617.394033099,81.14447804764714,8.684393115945271,6.12117566898723,58.454861111111114,2393,2166.0886421203613,99.34027777777777,38,24346.583862304688,72.51736111111111,1583,2443.299850463867,4014,2496.753170325602,299.4618314433628,1360.261260618879,1245.84514530907,0,5760,1.0,False,False,complete,sindy_mpc_conf_dagger,16,2021,0.057817073375609915,4124163685,20,100,priced,56.2,regen-v2,637c6b535a9e,86e95e8,local
5760,-4.003537712302722,10.63880463267347,14.642342344976193,6.377508287959369,2.0884975777675754,6.1763364792492474,432201.4382023597,70.86120319954854,20.58778826416416,6.961658592558585,63.55902777777778,2099,2326.464072227478,100.0,0,0.0,77.37847222222223,1303,2557.2040977478027,3402,2180.344713672942,709.9237332408554,1547.0352427014325,1190.2840876007922,0,5760,1.0,False,False,complete,sindy_mpc_conf_dagger,16,2022,0.057817073375609915,4124163685,20,100,priced,57.2,regen-v2,637c6b535a9e,86e95e8,local
5760,2.771791025521717,12.833631419441929,10.061840393920214,5.76860268314669,2.4911222615340796,1.8021154492394427,521366.2764148284,64.09558536829655,6.0070514974648095,8.303740871780265,55.92013888888889,2539,2553.773094177246,100.0,0,0.0,72.48263888888889,1585,2008.25728225708,4124,1972.171857731851,207.13970673308415,1845.275748790285,1631.7626733442062,0,5760,1.0,False,False,complete,sindy_mpc_conf_dagger,16,2023,0.057817073375609915,4124163685,20,100,priced,60.6,regen-v2,637c6b535a9e,86e95e8,local
5760,5.656008823123327,13.815815108906586,8.15980628578326,5.420347828086186,2.733569302599767,0.005889155097305775,561267.4887993301,60.2260869787354,0.01963051699101925,9.111897675332557,60.88541666666667,2253,2660.5900468826294,98.90625,63,20024.624633789062,83.55902777777777,947,1283.9650039672852,3263,1853.110369312721,0.6769143639178681,2024.8661499082361,1463.15037183364,0,5760,1.0,False,False,complete,sindy_mpc_dense_dagger,16,2020,0.044117127232836874,391560874,20,100,priced,55.2,regen-v2,637c6b535a9e,86e95e8,local
5760,-0.8666082310507583,8.728369598810815,9.594977829861573,7.1343907437340786,1.9911436151420516,0.46944347098544237,354590.01495168934,79.27100826371199,1.5648115699514746,6.637145383806839,64.56597222222223,2041,2046.776969909668,99.28819444444444,41,5432.759521484375,77.48263888888889,1297,1419.1691818237305,3379,2439.1079470070354,53.95901957054699,1474.9211960331959,1278.6449567933184,0,5760,1.0,False,False,complete,sindy_mpc_dense_dagger,16,2021,0.044117127232836874,391560874,20,100,priced,54.3,regen-v2,637c6b535a9e,86e95e8,local
5760,2.473541900368307,11.717257276996383,9.243715376628076,6.469309674962592,2.4098355022284963,0.36457019943698754,476013.57687797805,71.88121861069547,1.2152339981232918,8.032785007428322,71.23263888888889,1657,1807.9975423812866,99.6875,18,4194.8345947265625,81.68402777777779,1055,1207.4146194458008,2730,2211.7298035543035,41.90462072256688,1785.0633359321164,1229.2068571959414,0,5760,1.0,False,False,complete,sindy_mpc_dense_dagger,16,2022,0.044117127232836874,391560874,20,100,priced,54.2,regen-v2,637c6b535a9e,86e95e8,local
5760,1.5241304481097908,10.069759234535642,8.545628786425851,5.914205184815378,2.561953909359388,0.06946969225108623,409083.9689030105,65.71339094239309,0.23156564083695413,8.539846364531295,72.8125,1566,1535.2764511108398,99.67013888888889,19,9345.562133789062,68.64583333333333,1806,1900.629264831543,3391,2021.9504908590657,7.985022091066965,1897.7436380815093,1673.6805952963014,0,5760,1.0,False,False,complete,sindy_mpc_dense_dagger,16,2023,0.044117127232836874,391560874,20,100,priced,55.9,regen-v2,637c6b535a9e,86e95e8,local
5760,5.620874568585087,13.559139825837434,7.938265257252349,5.686614199161442,2.183165557667855,0.06848550042305142,550840.0554246458,63.184602212904906,0.2282850014101714,7.277218525559516,66.75347222222221,1915,1527.0197706222534,100.0,0,0.0,72.22222222222221,1600,3195.9001426696777,3515,1944.141607045966,7.87189664093698,1617.1596727909575,1405.7401820644425,0,5760,1.0,False,False,complete,sindy_mpc_conf_dagger,17,2020,0.06363933675518402,991356924,20,100,priced,53.2,regen-v2,637c6b535a9e,86e95e8,local
5760,-2.4641748544470037,7.539961384657925,10.00413623910493,7.7357799123976685,1.6903999004775607,0.5779564262297003,306310.9312517282,85.95311013775188,1.9265214207656678,5.634666334925202,74.25347222222223,1483,937.4923486709595,100.0,0,0.0,65.01736111111111,2015,3026.3683547973633,3498,2644.711081365713,66.43177314049083,1252.1480745994024,1254.413238242689,0,5760,1.0,False,False,complete,sindy_mpc_conf_dagger,17,2021,0.06363933675518402,991356924,20,100,priced,51.7,regen-v2,637c6b535a9e,86e95e8,local
5760,6.018837281295763,15.086140851697706,9.067303570401943,6.7524833027274305,2.0528445845517784,0.2619756831227336,612874.4721002193,75.02759225252701,0.8732522770757788,6.842815281839262,83.15972222222221,970,620.6777744293213,100.0,0,0.0,67.39583333333333,1878,2775.9021072387695,2848,2308.5413002553805,30.11214735708248,1520.6256183661926,1261.844440888783,0,5760,1.0,False,False,complete,sindy_mpc_conf_dagger,17,2022,0.06363933675518402,991356924,20,100,priced,60.0,regen-v2,637c6b535a9e,86e95e8,local
5760,2.12755624038187,10.621457951273399,8.493901710891528,6.2117336079099985,2.1520174497926208,0.13015065318890845,431496.72927048185,69.0192623101111,0.43383551062969483,7.173391499308736,79.58333333333333,1176,750.5866050720215,100.0,0,0.0,58.52430555555556,2389,3321.100330352783,3565,2123.6696101907023,14.959845152624812,1594.0870017892648,1639.753924486084,0,5760,1.0,False,False,complete,sindy_mpc_conf_dagger,17,2023,0.06363933675518402,991356924,20,100,priced,53.3,regen-v2,637c6b535a9e,86e95e8,local
3687,-1.9538444476439512,3.188126317836822,5.141970765480773,3.8320231820409862,1.2761706171359206,0.033776966303866354,129517.6316621209,42.57803535601096,0.11258988767955452,4.253902057119736,61.75752644426363,1410,1393.4736051559448,91.67344724708435,307,156226.93322753906,77.48847301328993,830,1438.974723815918,2547,1310.0933958190953,3.882409938751932,945.3115682651883,786.5990445426021,0,5760,0.6401,True,False,env_terminated,sindy_mpc_dense_dagger,17,2020,0.05203118813070596,1290636545,20,100,priced,33.0,regen-v2,637c6b535a9e,86e95e8,local
5760,-3.2398106845429497,6.230570341289752,9.470381025832701,7.276755328334353,1.859075797287327,0.33454990021102127,253116.9201148962,80.85283698149281,1.1151663340367377,6.19691932429109,70.50347222222221,1699,1359.7043704986572,93.76736111111111,359,173652.54248046875,64.77430555555556,2029,3092.3161087036133,4087,2487.77959910849,38.45401147885694,1377.0931832285655,1248.6376558035631,0,5760,1.0,False,False,complete,sindy_mpc_dense_dagger,17,2021,0.05203118813070596,1290636545,20,100,priced,51.1,regen-v2,637c6b535a9e,86e95e8,local
4459,-2.3525064159798132,4.918938225610786,7.271444641590599,5.785351712002003,1.3890977513220757,0.09699517826652154,199831.86541543817,64.28168568891114,0.3233172608884052,4.630325837740252,71.67526351199821,1263,1054.5217733383179,92.89078268670106,317,188548.71752929688,72.07894146669656,1245,1566.3582382202148,2825,1977.8980218022339,11.148871041655141,1028.9612969683658,785.9486272867916,0,5760,0.7741,True,False,env_terminated,sindy_mpc_dense_dagger,17,2022,0.05203118813070596,1290636545,20,100,priced,39.7,regen-v2,637c6b535a9e,86e95e8,local
5319,-1.969368611660441,5.461117349424255,7.430485961084695,5.394689309607225,1.936223356818325,0.09957329465914519,221857.89232036035,59.940992328969166,0.33191098219715065,6.454077856061083,76.10453092686595,1271,1063.8727254867554,94.94265839443504,269,157729.6611328125,60.03008084226358,2126,3360.2977600097656,3666,1844.3382260092785,11.445206348330256,1434.2395229019403,1442.7038141611752,0,5760,0.9234,True,False,env_terminated,sindy_mpc_dense_dagger,17,2023,0.05203118813070596,1290636545,20,100,priced,47.0,regen-v2,637c6b535a9e,86e95e8,local
5760,8.216883132280115,16.542859303488356,8.32597617120824,6.382816070584315,1.9249881031320955,0.018171997491829097,672053.6592042145,70.92017856204795,0.06057332497276366,6.416627010440318,81.89236111111111,1043,883.4542846679688,100.0,0,0.0,76.47569444444444,1355,3740.624900817871,2398,2182.1593406256816,2.088735382560951,1425.9171133158957,707.0924529736271,0,5760,1.0,False,False,complete,sindy_mpc_conf_dagger,18,2020,0.06759360135083384,1139190288,20,100,priced,64.8,regen-v2,637c6b535a9e,86e95e8,local
5760,-2.098338226764746,7.46890590015791,9.567244126922656,8.103083065834543,1.2434611236311277,0.22069993745698588,303424.3021939151,90.03425628705048,0.7356664581899529,4.144870412103759,82.63888888888889,1000,675.8489360809326,100.0,0,0.0,66.19791666666667,1947,4995.865989685059,2947,2770.284807102779,25.367808868157397,921.0823137946109,597.1675843811337,0,5760,1.0,False,False,complete,sindy_mpc_conf_dagger,18,2021,0.06759360135083384,1139190288,20,100,priced,59.5,regen-v2,637c6b535a9e,86e95e8,local
5760,5.815682795203736,14.859041124394967,9.043358329191229,7.174207679931288,1.7930846623177192,0.07606598694222047,603648.5456785455,79.7134186659032,0.2535532898074016,5.976948874392398,87.79513888888889,703,451.81485748291016,100.0,0,0.0,72.17013888888889,1603,3789.0822219848633,2306,2452.7205731556805,8.743216938288004,1328.2108607021696,734.0070601972684,0,5760,1.0,False,False,complete,sindy_mpc_conf_dagger,18,2022,0.06759360135083384,1139190288,20,100,priced,64.8,regen-v2,637c6b535a9e,86e95e8,local
5760,4.060504845136054,12.814119625298893,8.75361478016284,6.996261222843009,1.6753215763195253,0.08203198100030422,520573.60977776756,77.73623580936678,0.27343993666768074,5.584405254398418,89.72222222222223,592,407.6806354522705,100.0,0,0.0,61.02430555555556,2245,4760.958583831787,2837,2391.884177549185,9.428963323501169,1240.97894586859,776.8170284994251,0,5760,1.0,False,False,complete,sindy_mpc_conf_dagger,18,2023,0.06759360135083384,1139190288,20,100,priced,64.8,regen-v2,637c6b535a9e,86e95e8,local
5760,5.415592334974763,13.44478034427161,8.029188009296849,5.525984237230539,2.4975094563198836,0.005694315746426582,546194.2014860342,61.39982485811711,0.01898105248808861,8.325031521066279,65.01736111111111,2015,2262.38302898407,99.07986111111111,53,28032.64404296875,74.63541666666667,1461,2677.556911468506,3529,1889.2253815505183,0.6545190533199405,1850.0070057720543,1427.8282357949415,0,5760,1.0,False,False,complete,sindy_mpc_dense_dagger,18,2020,0.04340673844313035,4274084384,20,100,priced,52.6,regen-v2,637c6b535a9e,86e95e8,local
5760,-2.1894586768642386,6.7745433742313,8.964002051095537,6.914155936163805,1.6107593280795742,0.43908678685215924,275215.82457814657,76.8239548462645,1.463622622840531,5.369197760265248,67.43055555555556,1876,1843.5028667449951,99.51388888888889,28,7328.754043579102,74.87847222222223,1447,2522.719871520996,3351,2363.813994746707,50.469745701243994,1193.155057631495,1218.1171340702829,0,5760,1.0,False,False,complete,sindy_mpc_dense_dagger,18,2021,0.04340673844313035,4274084384,20,100,priced,52.1,regen-v2,637c6b535a9e,86e95e8,local
5760,1.7748920224520748,10.696741468492448,8.921849446040373,6.59244878809905,2.155829313077605,0.1735713448637165,434555.12215750566,73.24943097887834,0.5785711495457218,7.186097710258683,77.17013888888889,1315,1205.8154735565186,99.375,36,6929.2103271484375,73.81944444444444,1508,2551.214832305908,2859,2253.82864587499,19.9507293680985,1596.910602677693,1234.9799296736378,0,5760,1.0,False,False,complete,sindy_mpc_dense_dagger,18,2022,0.04340673844313035,4274084384,20,100,priced,52.9,regen-v2,637c6b535a9e,86e95e8,local
5760,0.045419897978213664,8.281039820015456,8.235619922037241,6.126509573340578,2.074709835352779,0.03440051334388554,336417.2426881279,68.07232859267309,0.1146683778129518,6.9156994511759295,76.875,1332,1300.8134775161743,99.63541666666667,21,20610.25244140625,56.822916666666664,2487,3871.36234664917,3840,2094.5331876895216,3.9540819537960568,1536.8221008881774,1668.800186525946,0,5760,1.0,False,False,complete,sindy_mpc_dense_dagger,18,2023,0.04340673844313035,4274084384,20,100,priced,52.9,regen-v2,637c6b535a9e,86e95e8,local
5760,7.278316051767953,15.675726664658772,8.39741061289082,5.947403759098263,2.012502426766578,0.43750442702597936,636826.3957517627,66.0822639899807,1.458348090086598,6.708341422555261,76.28472222222223,1366,1097.5419778823853,100.0,0,0.0,72.23958333333333,1599,3218.8593215942383,2965,2033.3004314302816,50.287865027811335,1490.7425385276927,1584.0572673651645,0,5760,1.0,False,False,complete,sindy_mpc_conf_dagger,19,2020,0.0684540733849365,3001149000,20,100,priced,60.7,regen-v2,637c6b535a9e,86e95e8,local
5760,-3.1444257086136167,7.301436264296544,10.44586197291016,8.257789480115136,1.3814198104702036,0.8066526823248218,296620.8482370471,91.75321644572374,2.6888422744160727,4.604732701567346,83.00347222222221,979,615.1127777099609,100.0,0,0.0,63.50694444444444,2102,3234.1119537353516,3081,2823.1758899710367,92.71869930055621,1023.2739341254506,1350.8743900385612,0,5760,1.0,False,False,complete,sindy_mpc_conf_dagger,19,2021,0.0684540733849365,3001149000,20,100,priced,55.3,regen-v2,637c6b535a9e,86e95e8,local
5760,4.549898067240322,14.139931823345277,9.590033756104955,7.236323344142692,1.8149926065710194,0.5387178053912438,574434.7303234019,80.40359271269658,1.7957260179708128,6.0499753552367315,88.42013888888889,667,600.9248723983765,100.0,0,0.0,68.76736111111111,1799,3523.8775596618652,2466,2473.9566989971768,61.92158683564138,1344.438968360471,1344.7932046697665,0,5760,1.0,False,False,complete,sindy_mpc_conf_dagger,19,2022,0.0684540733849365,3001149000,20,100,priced,60.7,regen-v2,637c6b535a9e,86e95e8,local
5760,3.0428801294552006,12.083258468138492,9.04037833868329,6.673798891763232,1.891670629405713,0.47490881751434644,490882.37526812626,74.15332101959147,1.5830293917144882,6.30556876468571,85.27777777777777,848,507.16779232025146,100.0,0,0.0,59.56597222222222,2329,3432.7187461853027,3177,2281.640646499346,54.58722045022975,1401.2375035625328,1801.9056469727989,0,5760,1.0,False,False,complete,sindy_mpc_conf_dagger,19,2023,0.0684540733849365,3001149000,20,100,priced,60.3,regen-v2,637c6b535a9e,86e95e8,local
5760,8.177431766128759,16.600934298955316,8.423502532826555,5.465976060728352,2.9425922482362106,0.01493422386199236,674412.9558950596,60.73306734142613,0.0497807462066412,9.808640827454036,66.68402777777777,1919,1628.9321537017822,98.90625,63,57084.923828125,73.31597222222223,1537,2953.9746284484863,3519,1868.7097636696374,1.7165774155794893,2179.6979620546617,1303.5767922545783,0,5760,1.0,False,False,complete,sindy_mpc_dense_dagger,19,2020,0.06046158670216798,2130676607,20,100,priced,54.4,regen-v2,637c6b535a9e,86e95e8,local
5760,1.8762393210342223,12.346652272642979,10.470412951608758,7.580050765356725,2.391133717978628,0.4992284682734044,501582.74857612106,84.22278628174139,1.6640948942446814,7.970445726595427,75.43402777777779,1415,911.7249250411987,96.5625,198,245351.63452148438,64.6875,2034,3002.5406494140625,3647,2591.470347449611,57.38258252887411,1771.2101605589646,1199.7554291348054,0,5760,1.0,False,False,complete,sindy_mpc_dense_dagger,19,2021,0.06046158670216798,2130676607,20,100,priced,54.1,regen-v2,637c6b535a9e,86e95e8,local
5760,5.311729787285367,14.878935257769928,9.567205470484561,6.691081611434152,2.7323121947479487,0.14381166430246084,604456.7448469034,74.34535123815725,0.47937221434153615,9.107707315826497,82.15277777777777,1028,682.306378364563,94.18402777777779,335,315266.623046875,70.15625,1719,2537.9443321228027,3082,2287.5492680236166,16.530076384209618,2023.9349599767215,1183.7799936033775,0,5760,1.0,False,False,complete,sindy_mpc_dense_dagger,19,2022,0.06046158670216798,2130676607,20,100,priced,53.9,regen-v2,637c6b535a9e,86e95e8,local
5760,3.9114915771784697,12.90990381862402,8.99841224144555,6.0648561315450715,2.856318286002878,0.07723782389760017,524464.8426316008,67.38729035050079,0.2574594129920006,9.521060953342928,80.08680555555556,1147,774.1427164077759,99.39236111111111,35,42576.81335449219,58.14236111111111,2411,3326.7625770568848,3593,2073.4550873173166,8.877910892359647,2115.7913231453813,1577.006547165712,0,5760,1.0,False,False,complete,sindy_mpc_dense_dagger,19,2023,0.06046158670216798,2130676607,20,100,priced,54.4,regen-v2,637c6b535a9e,86e95e8,local
