steps,epi,revenue,cost_total,cost_heat,cost_co2,cost_elec,fruit_dm_growth,energy_heat_kwh_m2,energy_elec_kwh_m2,co2_kg_m2,t_in_in_corridor_pct,t_in_violation_steps,t_in_violation_area,co2_in_corridor_pct,co2_violation_steps,co2_violation_area,rh_in_corridor_pct,rh_violation_steps,rh_violation_area,violation_steps_total,boiler_sum,lamp_sum,co2_injection_sum,vent_sum,solver_failures,steps_expected,season_fraction,truncated,solver_aborted,stop_reason,block,condition,method,draw,seed,test_year,xi_uboil,n_draws_declared,secs,regen_id,config_hash,git_sha,image
5760,8.272454780162786,16.29808683526566,8.025632055102875,4.8156529573846845,2.472794122787152,0.7371849749310388,662109.7776826675,53.507255082052055,2.45728324977013,8.242647075957173,62.37847222222223,2167,2207.252296447754,100.0,0,0.0,63.107638888888886,2125,4708.315032958984,4292,1646.3770795818555,84.7339050819021,1831.6993502356634,1475.1272011379688,0,5760,1.0,False,False,complete,draws,sindy_mpc_conf/d0,sindy_mpc_conf,0,0,2020,0.0,6,68.4,regen-v2,637c6b535a9e,84a6d05,local
5760,-1.7529599374633853,7.841716323893486,9.59467626135687,6.725737114978417,1.8329898510602751,1.0359492953181788,318569.72565817286,74.73041238864907,3.453164317727263,6.109966170200917,68.80208333333333,1797,1662.6138610839844,99.80902777777779,11,1550.7139892578125,52.22222222222223,2752,5971.810760498047,4560,2299.3973048891576,119.07463159802299,1357.7702601247984,1313.5617265656413,0,5760,1.0,False,False,complete,draws,sindy_mpc_conf/d0,sindy_mpc_conf,0,0,2021,0.0,6,124.5,regen-v2,637c6b535a9e,84a6d05,local
5760,-0.15897107472317484,9.425800511540963,9.58477158626414,6.138960670668466,2.235477898385663,1.2103330172100104,382923.14578135166,68.2106741185385,4.0344433907000345,7.451592994618878,77.17013888888889,1315,1120.514090538025,99.34027777777777,38,6705.563232421875,61.23263888888889,2233,4966.683937072754,3586,2098.78997413521,139.11873753643172,1655.909554332405,1289.6208110522846,0,5760,1.0,False,False,complete,draws,sindy_mpc_conf/d0,sindy_mpc_conf,0,0,2022,0.0,6,183.7,regen-v2,637c6b535a9e,84a6d05,local
5760,4.469373945868986,12.810699044606153,8.341325098737167,5.2636191718806105,2.638393714892075,0.43931221196448145,520434.64868712495,58.48465746534012,1.464374039881605,8.794645716306917,74.0625,1494,1169.9096946716309,100.0,0,0.0,47.795138888888886,3007,5451.632164001465,4501,1799.5279221982157,50.495656431997325,1954.3657149683233,1700.9605897168265,0,5760,1.0,False,False,complete,draws,sindy_mpc_conf/d0,sindy_mpc_conf,0,0,2023,0.0,6,245.7,regen-v2,637c6b535a9e,84a6d05,local
5760,8.341468126185198,16.145283234469208,7.803815108284011,4.706875896159367,2.408041979388239,0.6888972327364049,655902.1314003116,52.29862106843741,2.29632410912135,8.026806597960796,59.42708333333333,2337,2462.185453414917,100.0,0,0.0,63.00347222222222,2131,4846.402484893799,4468,1609.1883407064392,79.18358980606698,1783.7347991246443,1466.3610560201962,0,5760,1.0,False,False,complete,draws,sindy_mpc_conf/d1,sindy_mpc_conf,1,0,2020,0.0,6,61.9,regen-v2,637c6b535a9e,84a6d05,local
5760,-1.6752841036372352,7.801008085342006,9.47629218897924,6.664799718834973,1.7977507917204671,1.0137416784237998,316915.95346701896,74.05333020927748,3.3791389280793327,5.992502639068224,67.5,1872,1782.8197388648987,99.79166666666667,12,2775.8226318359375,51.770833333333336,2778,6050.63370513916,4662,2278.5640054577216,116.52203196108951,1331.6672532917732,1315.912716109698,0,5760,1.0,False,False,complete,draws,sindy_mpc_conf/d1,sindy_mpc_conf,1,0,2021,0.0,6,118.4,regen-v2,637c6b535a9e,93ceb06,local
5760,0.1865648912780996,9.517765798319012,9.331200907040913,5.944578836416824,2.184087914826705,1.2025341557973843,386659.2355567099,66.05087596018693,4.008447185991281,7.28029304942235,71.07638888888889,1666,1502.522442817688,99.73958333333334,15,2646.7298583984375,62.25694444444444,2174,5221.974491119385,3855,2032.3346447540418,138.22231678515675,1617.842900001818,1269.412686155092,0,5760,1.0,False,False,complete,draws,sindy_mpc_conf/d1,sindy_mpc_conf,1,0,2022,0.0,6,176.1,regen-v2,637c6b535a9e,93ceb06,local
5760,4.635886655453872,12.772356656787894,8.136470001334022,5.0966351801781755,2.616357079991512,0.4234777411643338,518876.9891820082,56.62927977975751,1.4115924705477794,8.721190266638374,68.19444444444444,1832,1499.4771814346313,100.0,0,0.0,49.357638888888886,2917,5676.63801574707,4749,1742.439378335167,48.675602464564854,1938.042280192952,1691.4782827768418,0,5760,1.0,False,False,complete,draws,sindy_mpc_conf/d1,sindy_mpc_conf,1,0,2023,0.0,6,239.6,regen-v2,637c6b535a9e,c791148,local
5760,8.53562547326371,16.55776486163811,8.0221393883744,4.6203528579642485,2.509029685963786,0.8927568444463643,672659.1975040482,51.33725397738054,2.9758561481545476,8.363432286545954,55.36458333333333,2571,2807.0107774734497,100.0,0,0.0,63.94097222222223,2077,5189.60661315918,4648,1579.607813116922,102.61572899561486,1858.540508265734,1343.3922230429034,0,5760,1.0,False,False,complete,draws,sindy_mpc_conf/d2,sindy_mpc_conf,2,0,2020,0.0,6,63.4,regen-v2,637c6b535a9e,c791148,local
5760,-1.4436636257371325,8.090167883459634,9.533831509196766,6.597599762416126,1.9116113829937735,1.0246203637868665,328663.0702655476,73.30666402684584,3.4154012126228883,6.372037943312579,63.50694444444444,2102,1880.7661876678467,99.84375,9,1001.818359375,53.09027777777777,2702,6522.563949584961,4813,2255.5896618208817,117.7724555317456,1416.0084311939434,1196.6297575140068,0,5760,1.0,False,False,complete,draws,sindy_mpc_conf/d2,sindy_mpc_conf,2,0,2021,0.0,6,118.6,regen-v2,637c6b535a9e,c791148,local
5760,6.080539233870893,15.367085413223865,9.286546179352973,5.744158529500272,2.3574465245969902,1.1849411252557114,624287.8449122196,63.823983661114134,3.9498037508523716,7.858155081989968,69.54861111111111,1754,1734.13161277771,100.0,0,0.0,62.77777777777778,2144,4717.763122558594,3898,1963.8148823128304,136.20012919195727,1746.2566852386212,1151.9794632998821,0,5760,1.0,False,False,complete,draws,sindy_mpc_conf/d2,sindy_mpc_conf,2,0,2022,0.0,6,181.8,regen-v2,637c6b535a9e,c791148,local
5760,4.887310260862458,13.199663144606841,8.312352883744383,4.996715407574982,2.7739313493638793,0.5417061268055234,536236.315249653,55.51906008416647,1.805687089351745,9.246437831212932,61.458333333333336,2220,1932.488844871521,100.0,0,0.0,50.03472222222223,2878,6183.6396408081055,5098,1708.2787725785734,62.26507190368359,2054.7639629001524,1552.861338220972,0,5760,1.0,False,False,complete,draws,sindy_mpc_conf/d2,sindy_mpc_conf,2,0,2023,0.0,6,243.3,regen-v2,637c6b535a9e,c791148,local
5760,8.32664478998262,16.502752302212123,8.176107512229507,4.701414855741353,2.5031651218346767,0.971527534653475,670424.3122773676,52.23794284157059,3.2384251155115833,8.343883739448923,59.07986111111111,2357,2414.727864265442,100.0,0,0.0,62.673611111111114,2150,5159.539752960205,4507,1607.321318326006,111.66983167934497,1854.1963867111438,1409.3168444755456,0,5760,1.0,False,False,complete,draws,sindy_mpc_conf/d3,sindy_mpc_conf,3,0,2020,0.0,6,63.1,regen-v2,637c6b535a9e,c791148,local
5760,-1.5897300006304438,7.979161876078095,9.568891876708538,6.657585830810034,1.8830840556319424,1.0282219902665608,324153.4512156726,73.97317589788928,3.4274066342218696,6.276946852106475,67.46527777777777,1874,1642.661316394806,99.82638888888889,10,1642.3773193359375,52.916666666666664,2712,6431.149826049805,4596,2276.0977198884116,118.18643545263203,1394.8770785098664,1251.1496268634041,0,5760,1.0,False,False,complete,draws,sindy_mpc_conf/d3,sindy_mpc_conf,3,0,2021,0.0,6,118.3,regen-v2,637c6b535a9e,c791148,local
5760,5.93955531886678,15.257173828520793,9.317618509654016,5.751934818239173,2.377919503747925,1.1877641876669176,619822.6867836573,63.91038686932414,3.9592139588897255,7.926398345826417,72.65625,1575,1430.1593341827393,99.91319444444444,5,159.0421142578125,62.916666666666664,2136,5000.436096191406,3716,1966.4734424722906,136.52461918148958,1761.421854461617,1204.3806373443729,0,5760,1.0,False,False,complete,draws,sindy_mpc_conf/d3,sindy_mpc_conf,3,0,2022,0.0,6,181.0,regen-v2,637c6b535a9e,c791148,local
5760,4.721075709997292,13.090601100298313,8.369525390301021,5.076902426760933,2.7208831806296043,0.5717397829104838,531805.669699619,56.41002696401037,1.9057992763682794,9.069610602098681,68.97569444444444,1787,1433.7144346237183,100.0,0,0.0,48.62847222222222,2959,6166.6073570251465,4746,1735.693136700609,65.71721653762052,2015.4690230749611,1620.5011416639404,0,5760,1.0,False,False,complete,draws,sindy_mpc_conf/d3,sindy_mpc_conf,3,0,2023,0.0,6,242.6,regen-v2,637c6b535a9e,c791148,local
5760,8.489003096493365,16.202673038809316,7.713669942315949,4.644466332284322,2.4499051033574917,0.6192985066741346,658233.5922016284,51.6051814698258,2.064328355580449,8.166350344524973,56.666666666666664,2496,2711.8199186325073,100.0,0,0.0,63.125,2124,4956.486423492432,4620,1587.8517378362467,71.1837362953662,1814.7445208909182,1446.9240928228069,0,5760,1.0,False,False,complete,draws,sindy_mpc_conf/d4,sindy_mpc_conf,4,0,2020,0.0,6,79.7,regen-v2,637c6b535a9e,c791148,local
5760,-1.5110543117059392,7.886094320508633,9.397148632214572,6.6033818606257295,1.8238319907292113,0.969934780859631,320372.5817706632,73.3709095625081,3.2331159361987702,6.079439969097371,65.3125,1998,1902.8363857269287,99.82638888888889,10,1220.864990234375,51.5625,2790,6368.404563903809,4798,2257.5664476542624,111.48675632966734,1350.9866596488823,1309.896369708108,0,5760,1.0,False,False,complete,draws,sindy_mpc_conf/d4,sindy_mpc_conf,4,0,2021,0.0,6,151.1,regen-v2,637c6b535a9e,c791148,local
5760,3.1933295255101055,12.2558149887773,9.062485463267192,5.783329737510522,2.314593173500729,0.9645625522559431,497892.4839190778,64.25921930567247,3.2152085075198107,7.715310578335763,69.73958333333333,1743,1670.8999843597412,99.80902777777779,11,1916.8179931640625,61.33680555555555,2227,5685.064998626709,3981,1977.2067480664102,110.86925902299083,1714.513461806082,1249.1072092615004,0,5760,1.0,False,False,complete,draws,sindy_mpc_conf/d4,sindy_mpc_conf,4,0,2022,0.0,6,225.8,regen-v2,637c6b535a9e,c791148,local
5760,4.764815262153041,12.808073168802757,8.043257906649716,5.007638203082438,2.663587486291592,0.3720322172756849,520327.972482612,55.64042447869376,1.2401073909189497,8.878624954305307,62.673611111111114,2150,1852.140248298645,100.0,0,0.0,49.583333333333336,2904,5882.573768615723,5054,1712.0130592116475,42.76232392391485,1973.0277665284793,1675.0312800309277,0,5760,1.0,False,False,complete,draws,sindy_mpc_conf/d4,sindy_mpc_conf,4,0,2023,0.0,6,307.0,regen-v2,637c6b535a9e,c791148,local
5760,6.34870671258601,16.528777984017474,10.180071271431466,4.141656088635681,4.779098587287452,1.2593165955083312,671481.6056007099,46.0184009848409,4.197721985027771,15.930328624291507,52.44791666666667,2739,3655.629138946533,64.14930555555556,2065,2142920.1724853516,53.03819444444444,2705,6314.898944854736,7509,1415.9507990007764,144.7490338519059,3540.073026766786,1404.0225116090396,0,5760,1.0,False,False,complete,draws,sindy_mpc_conf/d5,sindy_mpc_conf,5,0,2020,0.0,6,80.5,regen-v2,637c6b535a9e,c791148,local
5760,-4.57947910266724,8.813092715190844,13.392571817858084,5.671720752080764,4.830544452846936,2.890306612930384,358031.89155462803,63.01911946756405,9.634355376434614,16.10181484282312,57.30902777777778,2459,3146.5845036506653,52.708333333333336,2724,4021455.864013672,31.42361111111111,3950,8941.657852172852,9133,1939.0498295103812,332.2191505677742,3578.1810759746377,1254.5677177230862,0,5760,1.0,False,False,complete,draws,sindy_mpc_conf/d5,sindy_mpc_conf,5,0,2021,0.0,6,153.9,regen-v2,637c6b535a9e,c791148,local
5760,-3.8344267517946222,11.121861194486137,14.956287946280758,4.493786970383017,4.786695508752466,5.675805467145275,451825.6110259993,49.930966337589076,18.919351557150918,15.955651695841553,57.93402777777777,2423,3529.703227519989,60.08680555555556,2299,6347901.975463867,42.395833333333336,3318,9404.575817108154,8040,1536.3374246492954,652.3914329552075,3545.7003757503585,1244.3338681068335,0,5760,1.0,False,False,complete,draws,sindy_mpc_conf/d5,sindy_mpc_conf,5,0,2022,0.0,6,228.5,regen-v2,637c6b535a9e,c791148,local
5760,2.3932909819250607,13.029254173698158,10.635963191773097,4.6961239773917836,5.339924579629614,0.5999146347516996,529313.4508064877,52.17915530435315,1.9997154491723321,17.799748598765383,59.72222222222222,2320,2499.0836696624756,73.17708333333334,1545,1198282.10546875,42.34375,3321,6746.708854675293,7186,1605.5124713145465,68.9557050965937,3955.499687918121,1648.7058975980271,0,5760,1.0,False,False,complete,draws,sindy_mpc_conf/d5,sindy_mpc_conf,5,0,2023,0.0,6,299.1,regen-v2,637c6b535a9e,c791148,local
5760,0.36307064397236466,6.27663538799921,5.913564744026846,5.019181840074725,0.02071073615235934,0.8736721677997615,254988.31263746793,55.76868711194139,2.9122405593325387,0.06903578717453114,66.70138888888889,1918,4156.11777305603,81.26736111111111,1079,144659.33918762207,56.00694444444444,2534,11634.461753845215,5531,1715.9596035341235,100.42208849845036,15.341286105465851,577.7876274454297,0,5760,1.0,False,False,complete,draws,sindy_mpc_conf_dagger/d0,sindy_mpc_conf_dagger,0,0,2020,0.0,6,92.4,regen-v2,637c6b535a9e,c791148,local
5760,-3.6218725240506395,4.357453037666421,7.979325561717061,6.608477643493836,0.008328684636616897,1.3625192335866076,177021.52965519836,73.42752937215373,4.541730778622026,0.027762282122056326,69.53125,1755,2908.599433898926,84.40972222222223,898,78654.14876556396,51.94444444444445,2768,11484.264434814453,5421,2259.3085963047156,156.61140624442592,6.169396039731186,489.526149660303,0,5760,1.0,False,False,complete,draws,sindy_mpc_conf_dagger/d0,sindy_mpc_conf_dagger,0,0,2021,0.0,6,159.5,regen-v2,637c6b535a9e,c791148,local
5760,-1.7937030175595319,5.884144021134987,7.677847038694519,5.872271681842603,0.0202165536001088,1.7853588032518062,239043.35085860884,65.24746313158448,5.951196010839354,0.06738851200036268,76.61458333333333,1347,3287.065420150757,73.38541666666667,1533,164510.49266052246,53.36805555555556,2686,10564.0034866333,5566,2007.6142499146952,205.2136557050061,14.97522486471414,514.348627298956,0,5760,1.0,False,False,complete,draws,sindy_mpc_conf_dagger/d0,sindy_mpc_conf_dagger,0,0,2022,0.0,6,234.5,regen-v2,637c6b535a9e,c791148,local
5760,-1.705588535366784,4.492089906855615,6.197678442222399,5.3422659899605005,0.006621334179808164,0.8487911180820897,182491.15246600937,59.35851099956112,2.8293037269402994,0.02207111393269388,75.50347222222223,1411,2888.4532375335693,83.80208333333333,933,78615.54852294922,46.33680555555556,3091,14101.917556762695,5435,1826.4157222015804,97.56219751948294,4.90469196133694,650.646819640684,0,5760,1.0,False,False,complete,draws,sindy_mpc_conf_dagger/d0,sindy_mpc_conf_dagger,0,0,2023,0.0,6,301.6,regen-v2,637c6b535a9e,c791148,local
5760,8.380378257953108,16.50190928281652,8.121531024863414,5.024486002581124,2.9360730099968775,0.16097201228541214,670390.0646144212,55.827622250901385,0.5365733742847072,9.786910033322926,65.88541666666666,1965,1671.9090766906738,100.0,0,0.0,66.09375,1953,4039.74267578125,3918,1717.7729926115296,18.502530184051494,2174.8688955525704,1379.8288022906331,0,5760,1.0,False,False,complete,draws,sindy_mpc_conf_dagger/d1,sindy_mpc_conf_dagger,1,0,2020,0.06328547633291404,6,100.7,regen-v2,637c6b535a9e,c791148,local
5760,-2.2697817337534905,7.8206774444616745,10.090459178215164,7.05667845840395,2.3042501477522577,0.7295305720589566,317715.0211812555,78.40753842671056,2.431768573529855,7.6808338258408595,71.71875,1629,1074.5810194015503,100.0,0,0.0,57.37847222222222,2455,4465.015266418457,4084,2412.5396421520722,83.85408867626042,1706.8519606973707,1272.8494128979241,0,5760,1.0,False,False,complete,draws,sindy_mpc_conf_dagger/d1,sindy_mpc_conf_dagger,1,0,2021,0.06328547633291404,6,166.6,regen-v2,637c6b535a9e,c791148,local
5760,5.466260290635345,15.251612958582106,9.78535266794676,5.980734550432057,2.704759923001297,1.0998581945134076,619596.7764423981,66.45260611591175,3.6661939817113587,9.015866410004323,77.44791666666667,1299,861.6795167922974,100.0,0,0.0,62.27430555555556,2173,3526.815788269043,3472,2044.6955729662827,126.42048251634455,2003.5258700147492,1276.0484055611937,0,5760,1.0,False,False,complete,draws,sindy_mpc_conf_dagger/d1,sindy_mpc_conf_dagger,1,0,2022,0.06328547633291404,6,245.3,regen-v2,637c6b535a9e,c791148,local
5760,3.9885123978173542,12.817490620838587,8.828978223021231,5.5265146209307865,3.18543260314706,0.11703099894338591,520710.5564715676,61.40571801034208,0.39010332981128637,10.618108677156867,73.92361111111111,1502,977.9217977523804,100.0,0,0.0,54.28819444444445,2633,4271.800998687744,4135,1889.4067091218778,13.451838921763157,2359.579706474893,1637.2498769293006,0,5760,1.0,False,False,complete,draws,sindy_mpc_conf_dagger/d1,sindy_mpc_conf_dagger,1,0,2023,0.06328547633291404,6,323.4,regen-v2,637c6b535a9e,c791148,local
5760,1.6751110480978744,7.77241839971107,6.097307351613195,5.702604004678383,0.002241737403131506,0.39246160953168074,315754.4974882622,63.362266718648705,1.3082053651056025,0.007472458010438355,71.64930555555556,1633,2262.802575111389,87.29166666666667,732,60904.373596191406,63.35069444444444,2111,9109.289287567139,4476,1949.6082069631539,45.11052991424975,1.660546240049247,607.0655227701927,0,5760,1.0,False,False,complete,draws,sindy_mpc_conf_dagger/d2,sindy_mpc_conf_dagger,2,0,2020,0.05982543598579328,6,94.0,regen-v2,637c6b535a9e,c791148,local
5760,-1.5929954739609156,6.210778602453292,7.803774076414208,6.854840618428004,0.0014655070565129074,0.9474679509296907,252312.880724665,76.16489576031115,3.158226503098969,0.0048850235217096916,73.69791666666666,1515,2033.360185623169,75.27777777777777,1424,135122.71144104004,49.322916666666664,2919,11069.56241607666,5858,2343.5352533459018,108.90436217304645,1.085560791880996,472.0873647186088,0,5760,1.0,False,False,complete,draws,sindy_mpc_conf_dagger/d2,sindy_mpc_conf_dagger,2,0,2021,0.05982543598579328,6,168.8,regen-v2,637c6b535a9e,c791148,local
5760,-1.1307232463288612,6.8301968093203005,7.9609200556491615,6.36207621945849,0.02179018235069101,1.5770536538399806,277476.7453786372,70.689735771761,5.256845512799936,0.07263394116897004,79.07986111111111,1205,2472.6432695388794,74.94791666666667,1443,162400.59030914307,57.673611111111114,2438,8832.380741119385,5086,2175.0687925526504,181.27053483759295,16.140875789015457,533.0006083697542,0,5760,1.0,False,False,complete,draws,sindy_mpc_conf_dagger/d2,sindy_mpc_conf_dagger,2,0,2022,0.05982543598579328,6,243.1,regen-v2,637c6b535a9e,c791148,local
5760,-1.1470116481135637,5.365094378410751,6.5121060265243145,5.804227542360813,0.009035733746355294,0.6988427504171455,217956.95912293677,64.49141713734237,2.3294758347238185,0.030119112487850982,79.86111111111111,1160,2129.6168813705444,84.86111111111111,872,84338.08297729492,50.06944444444444,2876,11934.61198425293,4908,1984.3512979243574,80.3267529528749,6.6931361109677905,634.4199911921261,0,5760,1.0,False,False,complete,draws,sindy_mpc_conf_dagger/d2,sindy_mpc_conf_dagger,2,0,2023,0.05982543598579328,6,313.5,regen-v2,637c6b535a9e,c791148,local
5760,5.442754977123213,13.51807092870168,8.075315951578467,5.02789542446399,2.797504599360362,0.24991592775411547,549171.6314785058,55.86550471626656,0.8330530925137183,9.325015331201207,62.864583333333336,2139,1879.2198238372803,100.0,0,0.0,63.05555555555556,2128,4462.485404968262,4267,1718.938607887074,28.72596864986056,2072.2256276810604,1301.153035187871,0,5760,1.0,False,False,complete,draws,sindy_mpc_conf_dagger/d3,sindy_mpc_conf_dagger,3,0,2020,0.0619545091150067,6,91.0,regen-v2,637c6b535a9e,c791148,local
5760,2.9135909832029587,12.782262639339962,9.868671656137003,6.73576359361322,2.3574725204822,0.7754355420415826,519279.41972318594,74.84181770681356,2.584785140138609,7.858241734940667,71.57986111111111,1637,1207.2961568832397,100.0,0,0.0,52.89930555555556,2713,5501.210357666016,4350,2302.8251599987752,89.13052201536084,1746.2759410777223,1202.2910224518998,0,5760,1.0,False,False,complete,draws,sindy_mpc_conf_dagger/d3,sindy_mpc_conf_dagger,3,0,2021,0.0619545091150067,6,164.7,regen-v2,637c6b535a9e,c791148,local
5760,5.807077182657411,15.472320741835432,9.665243559178023,5.87057309592636,2.607553922103885,1.1871165411477775,628563.0301370645,65.22858995473733,3.9570551371592586,8.691846407012951,78.48958333333333,1239,906.3420181274414,100.0,0,0.0,58.958333333333336,2364,4181.015579223633,3603,2007.0335377118859,136.45017698614706,1931.5214245086981,1190.6630619853197,0,5760,1.0,False,False,complete,draws,sindy_mpc_conf_dagger/d3,sindy_mpc_conf_dagger,3,0,2022,0.0619545091150067,6,240.8,regen-v2,637c6b535a9e,c791148,local
5760,4.504757135867791,13.026116514640762,8.52135937877297,5.332160895550455,3.0465742966062823,0.14262418661623408,529185.983407281,59.24623217278284,0.47541395538744696,10.155247655354275,75.95486111111111,1385,977.6855506896973,100.0,0,0.0,48.888888888888886,2944,5461.083160400391,4329,1822.960990609834,16.393584591908464,2256.721702780164,1536.6003284695914,0,5760,1.0,False,False,complete,draws,sindy_mpc_conf_dagger/d3,sindy_mpc_conf_dagger,3,0,2023,0.0619545091150067,6,316.9,regen-v2,637c6b535a9e,c791148,local
5760,1.2070991311347175,7.928841037365007,6.72174190623029,6.3997084095713985,0.0027128718781547303,0.31932062478073686,322109.16714295343,71.10787121745999,1.0644020826024563,0.009042906260515769,80.86805555555556,1102,1655.7611474990845,89.40972222222221,610,47996.48565673828,69.375,1764,7955.995887756348,3476,2187.9344995036245,36.70352010140326,2.009534711151202,511.2063066113518,0,5760,1.0,False,False,complete,draws,sindy_mpc_conf_dagger/d4,sindy_mpc_conf_dagger,4,0,2020,0.06890543832672527,6,91.7,regen-v2,637c6b535a9e,c791148,local
5760,-3.402856111550502,4.582525540812665,7.985381652363168,7.42459400202392,0.004087255838565751,0.5567003945006818,186165.10009551453,82.49548891137688,1.8556679816689392,0.013624186128552505,81.18055555555556,1084,1273.6265115737915,88.40277777777777,668,49668.5334777832,61.63194444444444,2210,9375.140235900879,3962,2538.322735665288,63.98855116636247,3.0275969390580233,415.28252885870467,0,5760,1.0,False,False,complete,draws,sindy_mpc_conf_dagger/d4,sindy_mpc_conf_dagger,4,0,2021,0.06890543832672527,6,157.1,regen-v2,637c6b535a9e,c791148,local
5760,1.3388324000489138,8.582878688633322,7.244046288584408,6.850216200541439,0.0037746688254943275,0.3900554192174738,348679.4467257287,76.11351333934932,1.3001847307249126,0.012582229418314425,86.49305555555556,778,1149.8270235061646,78.52430555555556,1237,116668.780128479,64.6875,2034,7968.6643714904785,4049,2341.9542567677363,44.83395615554619,2.7960510095176216,482.0840884709023,0,5760,1.0,False,False,complete,draws,sindy_mpc_conf_dagger/d4,sindy_mpc_conf_dagger,4,0,2022,0.06890543832672527,6,233.3,regen-v2,637c6b535a9e,c791148,local
5760,-1.862385275043303,5.083157894865825,6.9455431699091275,6.422033999860325,0.012740124356498801,0.5107690456923035,206503.28947892413,71.35593333178139,1.702563485641012,0.04246708118832934,87.79513888888889,703,1551.877950668335,88.87152777777779,641,55885.94076538086,61.80555555555556,2200,10427.377403259277,3544,2195.567178788625,58.70908568620449,9.437129177324827,497.5819897442434,0,5760,1.0,False,False,complete,draws,sindy_mpc_conf_dagger/d4,sindy_mpc_conf_dagger,4,0,2023,0.06890543832672527,6,300.7,regen-v2,637c6b535a9e,c791148,local
5760,-5.093373947534688,4.30659920320217,9.399973150736859,5.174766373094741,0.12596981662075107,4.099236961021366,174955.59263008818,57.49740414549712,13.664123203404554,0.41989938873583693,58.83680555555556,2371,9331.23423576355,77.04861111111111,1322,376353.2815322876,59.791666666666664,2316,14250.879615783691,6009,1769.1508969578924,471.1766622301904,93.31097540670609,393.70465101554714,0,5760,1.0,False,False,complete,draws,sindy_mpc_conf_dagger/d5,sindy_mpc_conf_dagger,5,0,2020,0.02844250235551036,6,98.3,regen-v2,637c6b535a9e,c791148,local
5760,-6.334469444953805,3.775081218004181,10.109550662957986,6.867556386120519,0.08968709696007392,3.1523071798773934,153362.67448141985,76.30618206800577,10.507690599591312,0.29895698986691305,64.73958333333333,2031,6158.539176940918,80.15625,1143,259455.23036193848,54.826388888888886,2602,12279.664848327637,5776,2347.8825247695486,362.33415846684323,66.43488654342684,378.31609255755166,0,5760,1.0,False,False,complete,draws,sindy_mpc_conf_dagger/d5,sindy_mpc_conf_dagger,5,0,2021,0.02844250235551036,6,168.6,regen-v2,637c6b535a9e,c791148,local
5760,-6.569337975167521,3.752698330486951,10.322036305654471,6.099517957437831,0.1277199139990605,4.094798434217582,152453.3696760324,67.77242174930923,13.649328114058607,0.425733046663535,67.96875,1845,8312.69536781311,68.03819444444444,1841,587370.8897018433,55.06944444444445,2588,11635.734226226807,6274,2085.3052843806663,470.66648660007684,94.60734351256795,329.6612074469992,0,5760,1.0,False,False,complete,draws,sindy_mpc_conf_dagger/d5,sindy_mpc_conf_dagger,5,0,2022,0.02844250235551036,6,246.2,regen-v2,637c6b535a9e,c791148,local
5760,-4.435558256758975,3.46122244830851,7.896780705067486,5.459178854127361,0.07867457411390098,2.358927276826223,140612.16196253322,60.65754282363735,7.863090922754076,0.26224858037966997,66.80555555555556,1912,6015.888768196106,75.74652777777777,1397,278358.0577850342,51.94444444444445,2768,15299.037971496582,6077,1866.3859341222883,271.14106627163335,58.27746225025116,449.84815197289583,0,5760,1.0,False,False,complete,draws,sindy_mpc_conf_dagger/d5,sindy_mpc_conf_dagger,5,0,2023,0.02844250235551036,6,311.8,regen-v2,637c6b535a9e,c791148,local
5760,9.149700759904785,16.380106136424654,7.230405376519871,4.709194358375644,2.2790381251927885,0.2421728929514379,665441.8117922517,52.32438175972938,0.807242976504793,7.596793750642629,65.10416666666666,2010,1821.9320831298828,100.0,0,0.0,65.12152777777777,2009,4064.3632736206055,4019,1609.9809771201208,27.83596472615998,1688.1763894354422,1306.3833353466512,0,5760,1.0,False,False,complete,draws,sindy_mpc_raw_ens/d0,sindy_mpc_raw_ens,0,0,2020,0.0676580951160888,6,61.5,regen-v2,637c6b535a9e,c791148,local
5760,-1.5259073165643025,7.805757213060836,9.33166452962514,6.637752976853003,1.6543076491666275,1.0396039036055094,317108.8867805965,73.75281085392226,3.465346345351698,5.514358830555425,73.99305555555556,1498,956.4613800048828,99.94791666666667,3,81.622802734375,50.86805555555556,2830,6271.559547424316,4331,2269.317258947535,119.49470175897065,1225.4130734589853,1195.4557072198186,0,5760,1.0,False,False,complete,draws,sindy_mpc_raw_ens/d0,sindy_mpc_raw_ens,0,0,2021,0.0676580951160888,6,131.1,regen-v2,637c6b535a9e,c791148,local
