steps,epi,revenue,cost_total,cost_heat,cost_co2,cost_elec,fruit_dm_growth,energy_heat_kwh_m2,energy_elec_kwh_m2,co2_kg_m2,t_in_in_corridor_pct,t_in_violation_steps,t_in_violation_area,co2_in_corridor_pct,co2_violation_steps,co2_violation_area,rh_in_corridor_pct,rh_violation_steps,rh_violation_area,violation_steps_total,boiler_sum,lamp_sum,co2_injection_sum,vent_sum,solver_failures,steps_expected,season_fraction,truncated,solver_aborted,stop_reason,method,seed,test_year,xi_uboil,rng_seed,horizon,max_solver_failures,secs,regen_id,config_hash,git_sha,image
5760,9.200106630367205,16.38824955937846,7.1881429290112555,4.683817389390663,2.2714716619213227,0.23285387769926869,665772.63834975,52.04241543767404,0.7761795923308956,7.571572206404409,64.44444444444444,2048,1878.7535400390625,100.0,0,0.0,64.89583333333333,2022,4102.479747772217,4070,1601.3050912684498,26.764813486113688,1682.5716009428743,1309.7187261403162,0,5760,1.0,False,False,complete,sindy_mpc_raw,0,2020,0.06797582117455585,2718592257,20,100,102.8,regen-v2,637c6b535a9e,8ac4b0b,local
5760,-1.5025410465375915,7.8024985714820785,9.30503961801967,6.620300446471065,1.6525111904620893,1.0322279810865154,316976.50446645945,73.5588938496785,3.4407599369550512,5.508370634873631,73.47222222222223,1528,1001.0509433746338,99.86111111111111,8,580.896728515625,50.50347222222222,2851,6297.536933898926,4387,2263.35057975487,118.64689441377195,1224.0823632619185,1199.0671809985797,0,5760,1.0,False,False,complete,sindy_mpc_raw,0,2021,0.06797582117455585,2718592257,20,100,74.2,regen-v2,637c6b535a9e,8ac4b0b,local
5760,5.71578489893722,15.194622955985276,9.478838057048055,5.726791685128889,2.214844626806443,1.5372017451127225,617281.5575869018,63.63101872365433,5.124005817042408,7.382815422688144,78.35069444444444,1247,1019.2067413330078,99.96527777777777,2,5.12188720703125,58.92361111111111,2366,5198.911022186279,3615,1957.8774988856385,176.68985555984005,1640.6256489025943,1207.8763711088964,0,5760,1.0,False,False,complete,sindy_mpc_raw,0,2022,0.06797582117455585,2718592257,20,100,86.4,regen-v2,637c6b535a9e,8ac4b0b,local
5760,5.113259189418134,12.786307413814075,7.6730482243959415,5.045139035767877,2.4717559092397243,0.15615327938834087,519443.73868619686,56.05710039742086,0.5205109312944696,8.239186364132415,70.26041666666667,1713,1262.9717350006104,100.0,0,0.0,49.91319444444444,2885,5522.428955078125,4598,1724.833857824779,17.948652698066265,1830.9303047805802,1591.0669825642021,0,5760,1.0,False,False,complete,sindy_mpc_raw,0,2023,0.06797582117455585,2718592257,20,100,79.6,regen-v2,637c6b535a9e,8ac4b0b,local
5760,9.149700759904785,16.380106136424654,7.230405376519871,4.709194358375644,2.2790381251927885,0.2421728929514379,665441.8117922517,52.32438175972938,0.807242976504793,7.596793750642629,65.10416666666666,2010,1821.9320831298828,100.0,0,0.0,65.12152777777777,2009,4064.3632736206055,4019,1609.9809771201208,27.83596472615998,1688.1763894354422,1306.3833353466512,0,5760,1.0,False,False,complete,sindy_mpc_raw_ens,0,2020,0.0676580951160888,424235230,20,100,90.3,regen-v2,637c6b535a9e,8ac4b0b,local
5760,-1.5259073165643025,7.805757213060836,9.33166452962514,6.637752976853003,1.6543076491666275,1.0396039036055094,317108.8867805965,73.75281085392226,3.465346345351698,5.514358830555425,73.99305555555556,1498,956.4613800048828,99.94791666666667,3,81.622802734375,50.86805555555556,2830,6271.559547424316,4331,2269.317258947535,119.49470175897065,1225.4130734589853,1195.4557072198186,0,5760,1.0,False,False,complete,sindy_mpc_raw_ens,0,2021,0.0676580951160888,424235230,20,100,80.9,regen-v2,637c6b535a9e,8ac4b0b,local
5760,5.6715314529866205,15.195168856015314,9.523637403028694,5.740799997996808,2.221511307690829,1.5613260973410563,617303.7347756221,63.78666664440898,5.204420324470188,7.405037692302763,78.55902777777779,1235,998.219165802002,99.96527777777777,2,6.480804443359375,59.201388888888886,2350,5186.999485015869,3587,1962.6666664171694,179.46276959653923,1645.563930991368,1203.3126994331042,0,5760,1.0,False,False,complete,sindy_mpc_raw_ens,0,2022,0.0676580951160888,424235230,20,100,96.8,regen-v2,637c6b535a9e,8ac4b0b,local
5760,5.069272617155612,12.774919729709891,7.70564711255428,5.0716627506276915,2.47521630255127,0.15876805937531913,518981.11401946435,56.351808340307684,0.5292268645843972,8.250721008504234,70.85069444444444,1679,1216.8514728546143,100.0,0,0.0,50.39930555555555,2857,5442.653114318848,4536,1733.9017939070013,18.249202208762277,1833.4935578576903,1585.8624994225008,0,5760,1.0,False,False,complete,sindy_mpc_raw_ens,0,2023,0.0676580951160888,424235230,20,100,82.3,regen-v2,637c6b535a9e,8ac4b0b,local
5760,2.816825574379182,10.435315804040947,7.618490229661765,4.085455393746176,3.5190417624034414,0.01399307351214811,423934.7045391635,45.393948819401956,0.04664357837382704,11.730139208011472,44.392361111111114,3203,6480.451746463776,84.39236111111111,899,1045675.3865966797,60.65972222222222,2266,4462.792102813721,6368,1396.736886272356,1.6083992673135743,2606.697601192697,1512.856913873391,0,5760,1.0,False,False,complete,sindy_mpc_raw,1,2020,0.0,1446536409,20,100,67.4,regen-v2,637c6b535a9e,8ac4b0b,local
5760,-2.5186821127318404,6.543434659180618,9.062116771912459,5.532062805425369,3.3896364607023854,0.14041750578470527,265827.0330292126,61.467364504726326,0.46805835261568424,11.298788202341285,48.40277777777778,2972,6301.719058513641,73.00347222222221,1555,2004216.4200439453,39.513888888888886,3484,6860.453742980957,8011,1891.3035222755452,16.139943237779182,2510.841821810488,1358.8583760616502,0,5760,1.0,False,False,complete,sindy_mpc_raw,1,2021,0.0,1446536409,20,100,68.3,regen-v2,637c6b535a9e,8ac4b0b,local
5760,-0.809669677817821,6.922523459314323,7.732193137132144,4.127662113017317,3.3411703138336,0.26336071028122676,281227.51553464436,45.862912366859085,0.8778690342707559,11.137234379445333,48.71527777777778,2954,8484.35299539566,71.49305555555556,1642,3146528.4951171875,47.53472222222222,3022,6159.370445251465,7618,1411.166534053219,30.271346020525023,2474.940972457058,1338.358301452367,0,5760,1.0,False,False,complete,sindy_mpc_raw,1,2022,0.0,1446536409,20,100,71.9,regen-v2,637c6b535a9e,8ac4b0b,local
5760,-0.9645069248104676,7.240445152846576,8.204952077657044,4.695048365934376,3.505957476404931,0.003946235317736864,294143.08433439216,52.16720406593751,0.013154117725789546,11.68652492134977,49.09722222222222,2932,4616.5150628089905,90.3125,558,659774.4243164062,47.06597222222222,3049,5317.565933227539,6539,1605.144739579316,0.45359026979619743,2597.0055385394285,1752.7057357061967,0,5760,1.0,False,False,complete,sindy_mpc_raw,1,2023,0.0,1446536409,20,100,64.9,regen-v2,637c6b535a9e,8ac4b0b,local
5760,4.410631034785572,12.318889608176587,7.908258573391014,4.2461022834503375,3.660422644135237,0.0017336458054371178,500454.8903321738,47.17891426055931,0.00577881935145706,12.201408813784125,51.59722222222223,2788,4758.203329086304,82.46527777777779,1010,1048871.0646972656,62.41319444444444,2165,4401.575080871582,5963,1451.6588996958644,0.1992696310160461,2711.424180493687,1418.8083592949938,0,5760,1.0,False,False,complete,sindy_mpc_raw_ens,1,2020,0.0,2726711412,20,100,74.9,regen-v2,637c6b535a9e,67c0dff,local
5760,-1.7155134183275464,7.313555452750123,9.02906887107767,5.982041060710534,3.0223666084764824,0.02466120189065114,297113.1902679737,66.46712289678372,0.08220400630217047,10.074555361588276,58.99305555555555,2362,3855.24200963974,76.77083333333333,1338,1269044.0059814453,45.06944444444444,3164,6108.293006896973,6864,2045.142243520715,2.834620901641125,2238.79007992043,1295.663433369119,0,5760,1.0,False,False,complete,sindy_mpc_raw_ens,1,2021,0.0,2726711412,20,100,65.8,regen-v2,637c6b535a9e,67c0dff,local
5760,0.6213655666930914,8.882245130354402,8.260879563661312,5.162052232554284,3.058416960900101,0.04041037020692602,360841.2084206476,57.35613591726983,0.13470123402308673,10.194723203000338,57.25694444444444,2462,4735.3801345825195,88.02083333333334,690,540915.1585693359,59.895833333333336,2310,4508.208911895752,5462,1764.8041821031543,4.644870122318511,2265.4940443432474,1306.5062985924358,0,5760,1.0,False,False,complete,sindy_mpc_raw_ens,1,2022,0.0,2726711412,20,100,65.6,regen-v2,637c6b535a9e,67c0dff,local
5760,4.456228545737057,12.791815688001204,8.335587142264147,4.70787890597586,3.6277082362882878,0.0,519667.5123250489,52.309765621954,0.0,12.092360787627626,55.53819444444444,2561,3411.817578315735,86.92708333333333,753,577423.3981933594,47.72569444444444,3011,5367.346839904785,6325,1609.531249269382,0.0,2687.191286733464,1698.6296763408732,0,5760,1.0,False,False,complete,sindy_mpc_raw_ens,1,2023,0.0,2726711412,20,100,70.8,regen-v2,637c6b535a9e,67c0dff,local
5760,8.914843441859464,16.062750961661052,7.1479075198015884,4.788969138673946,2.1572215535964068,0.20171682753123582,652549.2578174802,53.21076820748829,0.6723894251041195,7.190738511988023,65.95486111111111,1961,1895.1941175460815,100.0,0,0.0,65.12152777777777,2009,4047.0316467285156,3970,1637.254405904771,23.185842254090822,1597.9418904601666,1378.6034850933647,0,5760,1.0,False,False,complete,sindy_mpc_raw,2,2020,0.06250203827825297,2693632589,20,100,66.1,regen-v2,637c6b535a9e,67c0dff,local
5760,-1.5844467675085003,7.70000155355835,9.28444832106685,6.753283287112751,1.564320022409849,0.9668450115442503,312812.563113308,75.03648096791946,3.222816705147501,5.214400074699497,75.38194444444444,1418,1040.9616622924805,99.27083333333333,42,41387.5888671875,52.135416666666664,2757,6106.253242492676,4217,2308.8147990627676,111.13161069364887,1158.7555718414792,1243.172561107469,0,5760,1.0,False,False,complete,sindy_mpc_raw,2,2021,0.06250203827825297,2693632589,20,100,59.6,regen-v2,637c6b535a9e,67c0dff,local
5760,5.454875288058945,14.991935506162225,9.537060218103278,5.897196422313288,2.065054624640148,1.5748091711498433,609047.3799378404,65.52440469236987,5.249363903832811,6.88351541546716,79.63541666666667,1173,1129.3804292678833,100.0,0,0.0,60.920138888888886,2251,5067.607921600342,3424,2016.1355285727775,181.0125485446646,1529.6700917022802,1253.84483403568,0,5760,1.0,False,False,complete,sindy_mpc_raw,2,2022,0.06250203827825297,2693632589,20,100,66.5,regen-v2,637c6b535a9e,67c0dff,local
5760,4.989540160338224,12.542021452062471,7.552481291724247,5.122580117865121,2.2777306752065476,0.15217049865257679,509519.6214900379,56.91755686516802,0.5072349955085893,7.592435584021826,70.53819444444444,1697,1426.5300188064575,100.0,0,0.0,51.78819444444444,2777,5187.455543518066,4474,1751.3094421896953,17.490861931097758,1687.2079065087783,1648.688802228799,0,5760,1.0,False,False,complete,sindy_mpc_raw,2,2023,0.06250203827825297,2693632589,20,100,66.2,regen-v2,637c6b535a9e,67c0dff,local
5760,8.792939317002483,16.01787358427653,7.224934267274046,4.860930865058318,2.1694287565967443,0.19457464561898358,650726.114361234,54.010342945092425,0.6485821520632786,7.231429188655815,66.16319444444444,1949,1872.3420000076294,100.0,0,0.0,67.46527777777777,1874,3789.2443809509277,3823,1661.8567059990087,22.364901840482403,1606.984263979795,1388.839112095625,0,5760,1.0,False,False,complete,sindy_mpc_raw_ens,2,2020,0.06155022469952061,4065797359,20,100,67.0,regen-v2,637c6b535a9e,67c0dff,local
5760,-1.7080811947507009,7.6869612153203395,9.395042410071042,6.8419181798405555,1.5756950944154484,0.9774291358150368,312282.7993723888,76.0213131093395,3.258097119383456,5.252316981384828,75.60763888888889,1405,1000.0125370025635,99.28819444444444,41,37408.60888671875,53.78472222222223,2662,5728.964019775391,4108,2339.117326690777,112.34817646581152,1167.1815510712484,1251.9391526040238,0,5760,1.0,False,False,complete,sindy_mpc_raw_ens,2,2021,0.06155022469952061,4065797359,20,100,58.8,regen-v2,637c6b535a9e,67c0dff,local
5760,5.291919670026401,14.983307435423542,9.691387765397142,5.965837365670216,2.079869793255044,1.6456806064718807,608696.8645640814,66.28708184078019,5.485602021572936,6.932899310850146,79.80902777777777,1163,1151.0950193405151,100.0,0,0.0,62.326388888888886,2170,4800.652996063232,3333,2039.6025175686648,189.15869044074765,1540.6442912087568,1250.1695768975856,0,5760,1.0,False,False,complete,sindy_mpc_raw_ens,2,2022,0.06155022469952061,4065797359,20,100,66.9,regen-v2,637c6b535a9e,67c0dff,local
5760,4.8409879482921205,12.51390881191811,7.67292086362599,5.219610949507259,2.3017384266460788,0.1515714874726519,508377.5454841732,57.995677216747325,0.5052382915755064,7.672461422153596,70.65972222222221,1690,1430.404432296753,100.0,0,0.0,54.84375,2601,4752.26961517334,4291,1784.482375352571,17.42201009585134,1704.991427841781,1655.8352221349728,0,5760,1.0,False,False,complete,sindy_mpc_raw_ens,2,2023,0.06155022469952061,4065797359,20,100,66.2,regen-v2,637c6b535a9e,67c0dff,local
5760,9.40021834148415,16.121168315364706,6.720949973880554,4.286704574840264,2.0932796390050945,0.34096576003519474,654922.4628116911,47.630050831558485,1.1365525334506492,6.977598796683648,54.98263888888889,2593,3835.392144203186,100.0,0,0.0,60.60763888888889,2269,4923.36026763916,4862,1465.5400245474762,39.19146680001533,1550.5775108396724,1341.6464298910096,0,5760,1.0,False,False,complete,sindy_mpc_raw,3,2020,0.0,906640218,20,100,72.4,regen-v2,637c6b535a9e,67c0dff,local
5760,-1.1782922492312928,7.793337051626587,8.971629300857881,6.350759994159201,1.4433554490754714,1.1775138576232083,316604.3177223301,70.56399993510225,3.925046192077361,4.811184830251571,65.71180555555556,1975,2172.467303276062,100.0,0,0.0,49.201388888888886,2926,6957.721565246582,4901,2171.199997977007,135.34642070545536,1069.152184913839,1242.5112391117793,0,5760,1.0,False,False,complete,sindy_mpc_raw,3,2021,0.0,906640218,20,100,66.0,regen-v2,637c6b535a9e,67c0dff,local
5760,5.761101382980887,15.2403246713511,9.479223288370212,5.5278548230562965,1.908831674253633,2.0425367910602827,619138.1897736384,61.42060914506996,6.808455970200943,6.362772247512111,70.83333333333334,1680,2090.559673309326,99.11458333333333,51,2575.896530151367,57.13541666666667,2469,5766.350498199463,4200,1889.8648976652019,234.77434367591454,1413.949388385465,1194.6613350889652,0,5760,1.0,False,False,complete,sindy_mpc_raw,3,2022,0.0,906640218,20,100,71.5,regen-v2,637c6b535a9e,67c0dff,local
5760,5.782848823181713,12.753621142324185,6.9707723191424735,4.688086728174932,2.0554271404615845,0.2272584505059568,518115.85890692007,52.089852535277025,0.7575281683531894,6.8514238015386155,58.24652777777778,2405,2924.283250808716,99.96527777777777,2,19.56524658203125,46.25,3096,6565.9345626831055,5503,1602.7646934676964,26.12166085315459,1522.5386233096933,1626.464449070992,0,5760,1.0,False,False,complete,sindy_mpc_raw,3,2023,0.0,906640218,20,100,72.4,regen-v2,637c6b535a9e,67c0dff,local
5760,9.36195629844137,16.147037807078302,6.785081508636932,4.329732584098081,2.111684624251769,0.34366430028708134,655973.410912556,48.108139823312015,1.1455476676236045,7.038948747505897,55.46875,2565,3713.341374397278,100.0,0,0.0,61.111111111111114,2240,4851.306129455566,4805,1480.2504549385174,39.50164377148377,1564.210832274549,1348.627553118922,0,5760,1.0,False,False,complete,sindy_mpc_raw_ens,3,2020,0.0,1663313819,20,100,68.3,regen-v2,637c6b535a9e,67c0dff,local
5760,-1.2838906496874418,7.840424478979023,9.124315128666463,6.378019653521007,1.456763653359019,1.2895318217864393,318517.2444585228,70.86688503912231,4.298439405954798,4.855878844530063,65.81597222222221,1969,2109.9702129364014,100.0,0,0.0,49.583333333333336,2904,6870.349571228027,4873,2180.5195406480343,148.22204826243205,1079.0841868157072,1240.1896826827222,0,5760,1.0,False,False,complete,sindy_mpc_raw_ens,3,2021,0.0,1663313819,20,100,64.5,regen-v2,637c6b535a9e,67c0dff,local
5760,5.464045939122949,15.297789800633975,9.833743861511024,5.560584139519173,1.9211499650947306,2.352009756897121,621472.7106507552,61.784268216879696,7.840032522990405,6.403833216982435,71.40625,1647,2023.7295780181885,98.61111111111111,80,4811.762954711914,57.013888888888886,2476,5688.7976150512695,4203,1901.0544058634014,270.3459493828891,1423.0740472633051,1195.1865025661477,0,5760,1.0,False,False,complete,sindy_mpc_raw_ens,3,2022,0.0,1663313819,20,100,70.1,regen-v2,637c6b535a9e,67c0dff,local
5760,5.731911151374181,12.772321158637435,7.0404100072632545,4.726549889159282,2.0739540059430217,0.2399061121609508,518875.54706964584,52.517220990658686,0.7996870405365027,6.913180019810072,58.611111111111114,2384,2853.594428062439,99.94791666666667,3,26.43896484375,46.892361111111114,3059,6403.1845703125,5446,1615.914492844608,27.575415231036413,1536.2622268813443,1630.1423814841442,0,5760,1.0,False,False,complete,sindy_mpc_raw_ens,3,2023,0.0,1663313819,20,100,70.2,regen-v2,637c6b535a9e,67c0dff,local
5760,8.961255240222776,16.109000106685475,7.147744866462697,4.560858639681474,2.312041464863089,0.27484476191813356,654428.1293340974,50.67620710757193,0.9161492063937786,7.706804882876964,56.12847222222223,2527,3339.7998418807983,100.0,0,0.0,66.61458333333333,1923,4018.3102836608887,4450,1559.2679112677715,31.591352049887867,1712.6233080743732,1428.783574807242,0,5760,1.0,False,False,complete,sindy_mpc_raw,4,2020,0.0,3428699522,20,100,67.0,regen-v2,637c6b535a9e,67c0dff,local
5760,-1.4458519988844112,7.82719418397082,9.27304618285523,6.654697304624911,1.7110303818109904,0.9073184964193305,317979.76372381457,73.94108116249902,3.024394988064435,5.703434606036635,65.95486111111111,1961,1776.8376207351685,99.75694444444444,14,2651.0972900390625,55.13888888888889,2584,5434.436492919922,4559,2275.1101897025846,104.28948220349211,1267.4299120503288,1308.4841775159675,0,5760,1.0,False,False,complete,sindy_mpc_raw,4,2021,0.0,3428699522,20,100,60.2,regen-v2,637c6b535a9e,67c0dff,local
5760,5.981451212657568,15.082633928491793,9.101182715834227,5.743733923721347,2.1504921670704062,1.2069566250424733,612732.0033449791,63.81926581912608,4.0231887501415775,7.168307223568021,71.04166666666667,1668,1757.2454099655151,100.0,0,0.0,62.864583333333336,2139,4455.235244750977,3807,1963.6697175116017,138.7306465160839,1592.9571601486268,1281.970366680725,0,5760,1.0,False,False,complete,sindy_mpc_raw,4,2022,0.0,3428699522,20,100,66.7,regen-v2,637c6b535a9e,67c0dff,local
5760,5.1593380138892515,12.676074257854223,7.516736243964971,4.971338241411679,2.3734347085466636,0.171963294006628,514965.5167253278,55.23709157124088,0.5732109800220934,7.911449028488879,60.85069444444444,2255,2381.9543533325195,100.0,0,0.0,52.93402777777778,2711,5050.975101470947,4966,1699.6028174492662,19.765895970888025,1758.0997833245183,1682.1097935758216,0,5760,1.0,False,False,complete,sindy_mpc_raw,4,2023,0.0,3428699522,20,100,65.7,regen-v2,637c6b535a9e,67c0dff,local
5760,8.972180257027988,16.127163926579787,7.1549836695517985,4.551292403555484,2.333913457392451,0.2697778086038619,655166.0345173038,50.56991559506094,0.899259362012873,7.779711524641503,55.65972222222222,2554,3385.591197013855,100.0,0,0.0,66.73611111111111,1916,3994.709144592285,4470,1555.997403924017,31.00894367672941,1728.8247834951674,1430.590652257381,0,5760,1.0,False,False,complete,sindy_mpc_raw_ens,4,2020,0.0,3994953572,20,100,69.0,regen-v2,637c6b535a9e,67c0dff,local
5760,-1.4398088228101757,7.839699010261316,9.279507833071492,6.646205471956651,1.7278055442793758,0.9054968168354653,318487.77229186596,73.84672746618502,3.018322722784885,5.759351814264586,65.65972222222223,1978,1800.5237140655518,99.70486111111111,17,3328.9278564453125,55.15624999999999,2583,5440.590118408203,4578,2272.2069995345755,104.0800939255814,1279.8559581948646,1311.0079540360014,0,5760,1.0,False,False,complete,sindy_mpc_raw_ens,4,2021,0.0,3994953572,20,100,60.8,regen-v2,637c6b535a9e,67c0dff,local
5760,5.97894012915057,15.100209694933163,9.121269565782594,5.738379371174083,2.1695000322653195,1.2133901623431915,613446.0188566598,63.75977079082314,4.044633874477305,7.231666774217732,70.46875,1701,1775.535301208496,100.0,0,0.0,63.05555555555556,2128,4472.033535003662,3829,1961.8391008834533,139.4701338275396,1607.0370607122886,1285.5591247688162,0,5760,1.0,False,False,complete,sindy_mpc_raw_ens,4,2022,0.0,3994953572,20,100,69.3,regen-v2,637c6b535a9e,67c0dff,local
5760,5.151822314516246,12.696265956486332,7.544443641970085,4.967468549179523,2.4016597906499597,0.17531530214060329,515785.8044822572,55.1940949908836,0.5843843404686776,8.005532635499867,60.295138888888886,2287,2415.6159591674805,100.0,0,0.0,52.89930555555556,2713,5046.207118988037,5000,1698.2798453514438,20.151184175468053,1779.007251745817,1685.4355167058966,0,5760,1.0,False,False,complete,sindy_mpc_raw_ens,4,2023,0.0,3994953572,20,100,68.3,regen-v2,637c6b535a9e,67c0dff,local
5760,8.645101593563009,15.856196416556482,7.211094822993472,4.916393424526893,2.0886029326871354,0.20609846577944307,644157.9794226071,54.62659360585437,0.686994885931477,6.962009775623785,64.46180555555556,2047,2002.946403503418,100.0,0,0.0,68.22916666666666,1830,3619.7002601623535,3877,1680.8182641465266,23.68947884727978,1547.1132834574005,1452.4697801598134,0,5760,1.0,False,False,complete,sindy_mpc_raw,5,2020,0.06338668707087403,1276916722,20,100,67.2,regen-v2,637c6b535a9e,67c0dff,local
5760,-1.6549586210590865,7.648429515819787,9.303388136878873,6.912701540469973,1.5146679304697401,0.8760186659391598,310717.4490801788,76.80779489411081,2.9200622197971993,5.048893101565801,73.78472222222221,1510,1011.6058692932129,100.0,0,0.0,55.104166666666664,2586,4931.509544372559,4096,2363.3167663768263,100.69180041994582,1121.9762443548063,1300.7868227448112,0,5760,1.0,False,False,complete,sindy_mpc_raw,5,2021,0.06338668707087403,1276916722,20,100,59.3,regen-v2,637c6b535a9e,67c0dff,local
5760,5.749457063619673,14.875451920206691,9.125994856587017,5.9855659801369345,1.9961432645137143,1.1442856119363694,604315.2342583968,66.50628866818816,3.814285373121231,6.653810881712381,77.69097222222221,1285,1123.1604566574097,100.0,0,0.0,63.420138888888886,2107,4194.883762359619,3392,2046.347343286347,131.52708188385395,1478.6246409363955,1322.7738644756027,0,5760,1.0,False,False,complete,sindy_mpc_raw,5,2022,0.06338668707087403,1276916722,20,100,67.5,regen-v2,637c6b535a9e,67c0dff,local
5760,4.811006714976967,12.351715461320916,7.540708746343951,5.346614909734498,2.0485923225607614,0.14550151404869055,501788.44061616226,59.40683233038332,0.4850050468289685,6.828641075202539,69.96527777777779,1730,1353.6406631469727,100.0,0,0.0,55.76388888888889,2548,4222.8545570373535,4278,1827.9025342861692,16.724311989890893,1517.4757947105709,1711.634848575711,0,5760,1.0,False,False,complete,sindy_mpc_raw,5,2023,0.06338668707087403,1276916722,20,100,66.4,regen-v2,637c6b535a9e,67c0dff,local
5760,8.6656733793782,15.861787368785244,7.196113989407043,4.902934342059688,2.0818125347783374,0.21136711256901772,644385.1118569005,54.477048245107646,0.7045570418967257,6.939375115927792,64.13194444444444,2066,2050.0939722061157,100.0,0,0.0,68.33333333333333,1824,3609.156219482422,3890,1676.2168678684925,24.295070406639873,1542.083358625847,1448.597444744325,0,5760,1.0,False,False,complete,sindy_mpc_raw_ens,5,2020,0.06347312225408785,2013921409,20,100,66.8,regen-v2,637c6b535a9e,67c0dff,local
5760,-1.6446807738259603,7.653388721468212,9.298069495294172,6.897826432007914,1.5096734172418749,0.8905696460443829,310918.9168096461,76.64251591119906,2.96856548681461,5.032244724139583,73.42013888888889,1531,1030.475640296936,100.0,0,0.0,54.93055555555556,2596,4912.865180969238,4127,2358.231258235859,102.36432718875204,1118.2766064957532,1297.6580126982578,0,5760,1.0,False,False,complete,sindy_mpc_raw_ens,5,2021,0.06347312225408785,2013921409,20,100,57.6,regen-v2,637c6b535a9e,67c0dff,local
5760,5.7630250241075185,14.884699986537374,9.121674962429855,5.969973904404743,1.9907025238828124,1.1609985341422993,604690.9369530808,66.33304338227492,3.8699951138076645,6.635675079609375,77.46527777777777,1298,1154.0042810440063,100.0,0,0.0,63.22916666666667,2118,4205.679531097412,3416,2041.0167193008372,133.44810737684958,1474.5944611286723,1316.9578066476831,0,5760,1.0,False,False,complete,sindy_mpc_raw_ens,5,2022,0.06347312225408785,2013921409,20,100,65.5,regen-v2,637c6b535a9e,67c0dff,local
5760,4.827524747337747,12.354744631701703,7.527219884363958,5.340335478200568,2.0433241666667947,0.14356023949659555,501911.50066288176,59.3370608688952,0.4785341316553185,6.811080555555983,69.47916666666667,1758,1393.2254190444946,100.0,0,0.0,56.28472222222223,2518,4199.339134216309,4276,1825.7557164086447,16.50117700612593,1513.5734574977255,1705.917167910342,0,5760,1.0,False,False,complete,sindy_mpc_raw_ens,5,2023,0.06347312225408785,2013921409,20,100,63.6,regen-v2,637c6b535a9e,67c0dff,local
5760,8.929138045763146,15.858317359359832,6.929179313596686,4.706673419132484,2.017193940402051,0.20531195406214997,644244.1427239932,52.29637132369427,0.6843731802071666,6.723979801340171,66.49305555555556,1930,1833.1859102249146,100.0,0,0.0,61.26736111111111,2231,4761.661598205566,4161,1609.1191179389957,23.5990752068953,1494.2177338023785,1404.287739209327,0,5760,1.0,False,False,complete,sindy_mpc_raw,6,2020,0.07491346789685252,383400908,20,100,64.0,regen-v2,637c6b535a9e,67c0dff,local
5760,-1.3426254507561137,7.673490184998053,9.016115635754167,6.625992294562362,1.4516817581639518,0.9384415830278524,311735.5387655459,73.62213660624847,3.1281386100928414,4.83893919387984,75.64236111111111,1403,1003.3424396514893,99.32291666666667,39,20996.699829101562,49.30555555555556,2920,7070.602577209473,4362,2265.2965106133975,107.86684862545161,1075.3198197193212,1249.8148612082737,0,5760,1.0,False,False,complete,sindy_mpc_raw,6,2021,0.07491346789685252,383400908,20,100,57.4,regen-v2,637c6b535a9e,67c0dff,local
5760,5.845123571975971,14.933471834421475,9.088348262445503,5.779470696514717,1.910942912486775,1.3979346534440125,606672.2932733725,64.21634107238575,4.659782178146709,6.36980970828925,80.29513888888889,1135,1010.1421613693237,100.0,0,0.0,58.40277777777778,2396,5734.018615722656,3531,1975.8874176808038,160.68214418435423,1415.5132687070088,1276.8266966213523,0,5760,1.0,False,False,complete,sindy_mpc_raw,6,2022,0.07491346789685252,383400908,20,100,63.4,regen-v2,637c6b535a9e,67c0dff,local
5760,5.265283208972572,12.362566887050377,7.0972836780778055,4.979056294036726,1.976596749173681,0.14163063486739924,502229.27978642157,55.322847711519174,0.47210211622466414,6.5886558305789364,71.33680555555556,1651,1340.4503831863403,100.0,0,0.0,47.552083333333336,3021,6475.75959777832,4672,1702.24146853088,16.279383236996075,1464.1457404344435,1670.7014195732747,0,5760,1.0,False,False,complete,sindy_mpc_raw,6,2023,0.07491346789685252,383400908,20,100,67.3,regen-v2,637c6b535a9e,67c0dff,local
5760,8.917880791625453,15.887193038793345,6.969312247167893,4.7323252003847704,2.024121740762865,0.21286530602025866,645417.2172009797,52.58139111538634,0.7095510200675289,6.74707246920955,67.1875,1890,1762.4689588546753,100.0,0,0.0,61.701388888888886,2206,4686.941135406494,4096,1617.8889577684172,24.467276583856034,1499.34943746948,1396.565173974095,0,5760,1.0,False,False,complete,sindy_mpc_raw_ens,6,2020,0.07674831656466882,2670357120,20,100,98.0,regen-v2,637c6b535a9e,dcd5d8f,local
5760,-1.3895509780084387,7.68297218094922,9.072523158957658,6.649156735100869,1.4594567479734968,0.9639096758832933,312120.7448510621,73.87951927889854,3.2130322529443114,4.864855826578323,76.33680555555556,1363,964.7668647766113,99.375,36,21655.119873046875,49.65277777777778,2900,6916.425354003906,4299,2273.2159779740223,110.79421556319618,1081.0790730993724,1242.1635919942767,0,5760,1.0,False,False,complete,sindy_mpc_raw_ens,6,2021,0.07674831656466882,2670357120,20,100,86.2,regen-v2,637c6b535a9e,dcd5d8f,local
5760,5.786616828647373,14.967853163036672,9.181236334389299,5.7939866037115495,1.920616454129839,1.4666332765479106,608069.0347483648,64.37762893012832,4.888777588493036,6.402054847099463,80.60763888888889,1117,979.8658123016357,100.0,0,0.0,58.611111111111114,2384,5638.835510253906,3501,1980.8501216877264,168.57853768090243,1422.6788541990638,1272.5221751080485,0,5760,1.0,False,False,complete,sindy_mpc_raw_ens,6,2022,0.07674831656466882,2670357120,20,100,97.2,regen-v2,637c6b535a9e,dcd5d8f,local
5760,5.230280289196502,12.375739437447391,7.145459148250888,5.010497400287882,1.9904757565614846,0.144485991401522,502764.41464630025,55.672193336532025,0.48161997133840667,6.634919188538282,72.04861111111111,1610,1280.326747894287,100.0,0,0.0,47.82986111111111,3005,6324.211349487305,4615,1712.9905648747276,16.607585114058715,1474.4264860235603,1664.1307895549269,0,5760,1.0,False,False,complete,sindy_mpc_raw_ens,6,2023,0.07674831656466882,2670357120,20,100,92.3,regen-v2,637c6b535a9e,dcd5d8f,local
5760,8.520564752680489,16.008434541972306,7.48786978929182,4.9433785603768765,2.176113660163245,0.36837756875169836,650342.653267625,54.92642844863197,1.227925229172328,7.25371220054415,70.34722222222223,1708,1428.062982559204,100.0,0,0.0,60.295138888888886,2287,4466.468330383301,3995,1690.0439522648198,42.342249390536594,1611.9360444916542,1380.3314236581791,0,5760,1.0,False,False,complete,sindy_mpc_raw,7,2020,0.0842592796239448,2084120372,20,100,77.1,regen-v2,637c6b535a9e,dcd5d8f,local
5760,-1.9147464879538023,7.774875129510653,9.689621617464455,6.901458095626986,1.6157950104787153,1.1723685113587545,315854.3021363703,76.68286772918874,3.9078950378625152,5.3859833682623846,80.52083333333333,1122,688.7073602676392,99.89583333333333,6,350.1116943359375,50.572916666666664,2847,5873.656661987305,3975,2359.4728528366286,134.75500125115786,1196.8851936267993,1230.2107110909283,0,5760,1.0,False,False,complete,sindy_mpc_raw,7,2021,0.0842592796239448,2084120372,20,100,67.5,regen-v2,637c6b535a9e,dcd5d8f,local
5760,5.001674938326792,15.186767847671703,10.18509290934491,5.993691767781407,2.0469861297018523,2.1444150118616516,616962.443811663,66.5965751975712,7.148050039538839,6.8232870990061745,83.02083333333333,978,725.0813941955566,100.0,0,0.0,56.75347222222222,2491,5001.500812530518,3469,2049.1253897097463,246.48448407572465,1516.2860213073645,1258.2411063120812,0,5760,1.0,False,False,complete,sindy_mpc_raw,7,2022,0.0842592796239448,2084120372,20,100,77.9,regen-v2,637c6b535a9e,dcd5d8f,local
5760,4.7322804136873415,12.457758223922355,7.725477810235015,5.2770354677902755,2.228404861067674,0.22003748137706422,506096.4278468457,58.633727419891954,0.7334582712568808,7.428016203558913,76.59722222222223,1348,913.4237394332886,100.0,0,0.0,47.93402777777778,2999,5625.3731689453125,4347,1804.1146894393296,25.29166449257208,1650.67026823472,1656.1773531478134,0,5760,1.0,False,False,complete,sindy_mpc_raw,7,2023,0.0842592796239448,2084120372,20,100,74.9,regen-v2,637c6b535a9e,dcd5d8f,local
5760,8.772092995673523,16.073124260128154,7.301031264454632,4.883028369159464,2.186360735583548,0.23164215971161878,652970.6730677063,54.25587076843849,0.7721405323720626,7.287869118611827,71.90972222222223,1618,1290.5915975570679,100.0,0,0.0,61.111111111111114,2240,4800.356239318848,3858,1669.4114079623916,26.62553559488005,1619.5264698283186,1354.3382732512764,0,5760,1.0,False,False,complete,sindy_mpc_raw_ens,7,2020,0.0835293136133385,1713686666,20,100,81.4,regen-v2,637c6b535a9e,dcd5d8f,local
5760,-1.5659812752705213,7.721274478516756,9.287255753787278,6.775176575191503,1.586315072589911,0.9257641060058633,313676.7756897432,75.27973972435004,3.085880353352878,5.287716908633037,81.96180555555556,1039,581.3907136917114,99.49652777777777,29,8709.014404296875,50.0,2880,6677.532638549805,3948,2316.2996820045096,106.40966727852616,1175.0482020137688,1199.822075466064,0,5760,1.0,False,False,complete,sindy_mpc_raw_ens,7,2021,0.0835293136133385,1713686666,20,100,71.4,regen-v2,637c6b535a9e,dcd5d8f,local
5760,5.752823585029444,15.006780088884256,9.253956503854814,5.937619472165508,2.040000475373278,1.2763365563160287,609650.441110923,65.97354969072788,4.254455187720096,6.800001584577594,83.95833333333333,924,608.7889890670776,100.0,0,0.0,58.50694444444444,2390,5385.45584487915,3314,2029.9553767084694,146.7053512710594,1511.1114622890282,1252.1825388188454,0,5760,1.0,False,False,complete,sindy_mpc_raw_ens,7,2022,0.0835293136133385,1713686666,20,100,79.6,regen-v2,637c6b535a9e,dcd5d8f,local
5760,5.0093958523352144,12.512765900453381,7.503370048118167,5.1556463429218535,2.170695173128091,0.17702853206822183,508331.1147059186,57.28495936579837,0.5900951068940729,7.235650577093637,78.15972222222223,1258,763.3374891281128,100.0,0,0.0,46.822916666666664,3063,6284.833679199219,4321,1762.6141336975627,20.348107102123794,1607.922350204053,1627.405757167291,0,5760,1.0,False,False,complete,sindy_mpc_raw_ens,7,2023,0.0835293136133385,1713686666,20,100,78.3,regen-v2,637c6b535a9e,dcd5d8f,local
5760,8.819334166104827,16.18474588781222,7.365411721707394,4.816891015833598,2.212639965996183,0.33588073987761385,657505.3016923715,53.521011287039975,1.119602466258713,7.37546655332061,66.85763888888889,1909,1764.9070224761963,100.0,0,0.0,63.142361111111114,2123,4001.5172996520996,4032,1646.8003456542933,38.60698168065191,1638.9925674524081,1369.3309894832548,0,5760,1.0,False,False,complete,sindy_mpc_raw,8,2020,0.07110130946654777,3085445730,20,100,77.5,regen-v2,637c6b535a9e,dcd5d8f,local
5760,-1.8864039401023573,7.890510019069593,9.77691395917195,6.750247654379188,1.5753690172248394,1.4512972875679226,320551.96952470223,75.00275171532431,4.837657625226409,5.251230057416131,75.43402777777779,1415,927.300371170044,100.0,0,0.0,50.69444444444444,2840,5692.259140014648,4255,2307.776975207895,166.81578043931887,1166.9400136056133,1232.0950482712954,0,5760,1.0,False,False,complete,sindy_mpc_raw,8,2021,0.07110130946654777,3085445730,20,100,69.2,regen-v2,637c6b535a9e,dcd5d8f,local
5760,4.786321437147821,15.378931820572435,10.592610383424613,5.827351262467136,2.095714866128334,2.669544254829142,624769.1052107551,64.74834736074597,8.898480849430474,6.98571622042778,80.48611111111111,1124,883.3871545791626,99.25347222222223,43,1951.5387268066406,57.56944444444444,2444,4737.813385009766,3611,1992.256840867138,306.8441671213478,1552.3813821491244,1260.6186491317865,0,5760,1.0,False,False,complete,sindy_mpc_raw,8,2022,0.07110130946654777,3085445730,20,100,77.9,regen-v2,637c6b535a9e,dcd5d8f,local
5760,4.8808163510861435,12.561951139457268,7.681134788371125,5.270761559504139,2.2147859222191846,0.19558730664780208,510329.26504045154,58.56401732782377,0.6519576888260069,7.3826197407306156,72.17013888888889,1603,1134.1984767913818,99.96527777777777,2,15.8304443359375,52.01388888888889,2764,4869.417266845703,4369,1801.9697634352444,22.481299520749637,1640.5821653148773,1651.637143122689,0,5760,1.0,False,False,complete,sindy_mpc_raw,8,2023,0.07110130946654777,3085445730,20,100,77.6,regen-v2,637c6b535a9e,dcd5d8f,local
5760,8.964743288503099,16.180942811017115,7.216199522514016,4.718830620816752,2.167809842965143,0.32955905873211955,657350.8016975702,52.43145134240836,1.098530195773732,7.226032809883811,63.97569444444444,2075,2085.9669666290283,100.0,0,0.0,63.09027777777778,2126,3850.02046585083,4201,1613.2754263689735,37.880351598306845,1605.7850689424372,1357.7086960174884,0,5760,1.0,False,False,complete,sindy_mpc_raw_ens,8,2020,0.06580035506963484,1361601619,20,100,77.8,regen-v2,637c6b535a9e,dcd5d8f,local
5760,-1.7875896019421726,7.8987545251657885,9.686344127107962,6.680080954891961,1.560337153081274,1.4459260191347254,320886.90258486016,74.2231217210218,4.819753397115751,5.201123843604247,72.06597222222221,1609,1157.1500434875488,100.0,0,0.0,50.22569444444444,2867,5749.864463806152,4476,2283.7883613784898,166.19839302010544,1155.8052987485169,1237.5993140932544,0,5760,1.0,False,False,complete,sindy_mpc_raw_ens,8,2021,0.06580035506963484,1361601619,20,100,72.1,regen-v2,637c6b535a9e,dcd5d8f,local
5760,4.92105794396177,15.380028573437148,10.458970629475381,5.74384976729971,2.0675269603879642,2.647593901787706,624813.6607958842,63.82055296999678,8.82531300595902,6.8917565346265475,77.96875,1269,1065.4932899475098,99.32291666666667,39,1584.0068817138672,57.795138888888886,2431,4783.836208343506,3739,1963.7093209665295,304.3211381689677,1531.5014516502388,1253.0320627087617,0,5760,1.0,False,False,complete,sindy_mpc_raw_ens,8,2022,0.06580035506963484,1361601619,20,100,79.8,regen-v2,637c6b535a9e,dcd5d8f,local
5760,4.981978091334449,12.572665509951939,7.590687418617491,5.199434704542181,2.200819354893557,0.1904333591817528,510764.53634179756,57.77149671713535,0.634777863939176,7.336064516311857,69.07986111111111,1781,1407.1542348861694,99.98263888888889,1,7.75836181640625,52.204861111111114,2753,4884.141334533691,4535,1777.584514573084,21.88889173736504,1630.2365582820732,1649.4972085460909,0,5760,1.0,False,False,complete,sindy_mpc_raw_ens,8,2023,0.06580035506963484,1361601619,20,100,82.7,regen-v2,637c6b535a9e,dcd5d8f,local
5760,9.376102087805716,16.376447210056018,7.000345122250302,4.308790630712066,2.4169625314425605,0.2745919600956759,665293.1679085258,47.87545145235629,0.915306533652253,8.056541771475201,54.84375,2601,3712.503785133362,100.0,0,0.0,63.50694444444444,2102,4477.7631187438965,4703,1473.0908147574833,31.56229425270397,1790.3426158329573,1379.524442595189,0,5760,1.0,False,False,complete,sindy_mpc_raw,9,2020,0.0,1266111025,20,100,93.6,regen-v2,637c6b535a9e,dcd5d8f,local
5760,-1.2314131340499304,7.896725176914941,9.128138310964871,6.392995074665594,1.7912001785980607,0.9439430577012171,320804.46031216945,71.03327860739549,3.146476859004057,5.970667261993536,64.70486111111111,2033,2205.402898788452,99.34027777777777,38,40735.3505859375,51.90972222222222,2770,6296.023742675781,4841,2185.639342324619,108.49920214774231,1326.814946630448,1268.5270141951855,0,5760,1.0,False,False,complete,sindy_mpc_raw,9,2021,0.0,1266111025,20,100,83.4,regen-v2,637c6b535a9e,dcd5d8f,local
5760,6.193945103114153,15.2158096322657,9.021864529151546,5.5376842232967025,2.302789612190953,1.1813906936638903,618142.266310794,61.5298247032967,3.9379689788796344,7.675965373969843,69.93055555555556,1732,2007.9672164916992,100.0,0,0.0,59.392361111111114,2339,5288.044933319092,4071,1893.2253751514259,135.79203354046282,1705.7700830176793,1244.1726740383383,0,5760,1.0,False,False,complete,sindy_mpc_raw,9,2022,0.0,1266111025,20,100,89.3,regen-v2,637c6b535a9e,dcd5d8f,local
5760,5.376636363146856,12.916601223769806,7.539964860622951,4.718437507317402,2.657021285339578,0.16450606796597128,524736.9247156484,52.4270834146378,0.548353559886571,8.856737617798593,57.88194444444444,2426,2847.4835300445557,100.0,0,0.0,48.05555555555556,2992,5866.069404602051,5418,1613.141028435241,18.908743373722835,1968.1639153801798,1645.7548746101359,0,5760,1.0,False,False,complete,sindy_mpc_raw,9,2023,0.0,1266111025,20,100,85.6,regen-v2,637c6b535a9e,dcd5d8f,local
5760,9.204440937978863,16.334009173487843,7.12956823550898,4.435362463204668,2.4655650448054427,0.22864072749887004,663569.1226729436,49.28180514671853,0.7621357583295668,8.218550149351476,55.642361111111114,2555,3707.38623046875,100.0,0,0.0,67.36111111111111,1880,3951.2269172668457,4435,1516.3632359977069,26.280543478993305,1826.3444772473197,1394.9137249005612,0,5760,1.0,False,False,complete,sindy_mpc_raw_ens,9,2020,0.0,2345547265,20,100,87.5,regen-v2,637c6b535a9e,dcd5d8f,local
5760,-1.412195353571822,7.865015423190467,9.277210776762288,6.589771260000875,1.8282641481765591,0.8591753685848553,319516.25156711275,73.2196806666764,2.8639178952828512,6.094213827255198,65.98958333333333,1959,2106.32084274292,99.40972222222221,34,21099.802734375,54.73958333333333,2607,5487.063591003418,4600,2252.913251293844,98.75578947735265,1354.2697392981709,1283.3793102038612,0,5760,1.0,False,False,complete,sindy_mpc_raw_ens,9,2021,0.0,2345547265,20,100,80.8,regen-v2,637c6b535a9e,dcd5d8f,local
5760,6.147006854294487,15.157454057699285,9.010447203404798,5.693811592211208,2.3373387225974165,0.9792968885961729,615771.5710940334,63.26457324679121,3.264322961987243,7.791129075324722,70.64236111111111,1691,2044.1778087615967,100.0,0,0.0,62.10069444444445,2183,4622.5100173950195,3874,1946.6022541870611,112.56286097489243,1731.3620168202292,1246.0615889744104,0,5760,1.0,False,False,complete,sindy_mpc_raw_ens,9,2022,0.0,2345547265,20,100,88.6,regen-v2,637c6b535a9e,dcd5d8f,local
5760,5.187620240833521,12.904511186951172,7.716890946117651,4.867066280388765,2.7089311213561924,0.14089354437269364,524245.7669698914,54.078514226541834,0.4696451479089788,9.029770404520642,58.81944444444444,2372,2840.8178815841675,100.0,0,0.0,52.01388888888889,2764,5100.849922180176,5136,1663.954283562189,16.194660236174613,2006.6156446234515,1651.3357893784278,0,5760,1.0,False,False,complete,sindy_mpc_raw_ens,9,2023,0.0,2345547265,20,100,89.3,regen-v2,637c6b535a9e,dcd5d8f,local
5760,0.7203347850395736,4.943034915112685,4.222700130073111,0.008274047963996419,1.9113552792368824,2.303070802872232,200810.7934264528,0.09193386626662688,7.676902676240775,6.371184264122942,30.017361111111114,4031,19659.660712718964,99.67013888888889,19,5106.21484375,30.798611111111114,3986,27019.46074295044,8036,2.8287343585666664,264.72078180662055,1415.8187258831779,1479.9709968165128,0,5760,1.0,False,False,complete,sindy_mpc_raw,10,2020,0.0,1901317562,20,100,86.3,regen-v2,637c6b535a9e,dcd5d8f,local
5760,-3.087097586296945,3.2343095682724616,6.321407154569407,0.061674558361899105,1.387899837964813,4.871832758242696,131393.82621106875,0.6852728706877679,16.239442527475653,4.626332793216044,21.38888888888889,4528,24080.451853752136,97.10069444444444,167,146560.0191040039,18.229166666666664,4710,38957.84780502319,9405,21.08531908111493,559.9807765897101,1028.0739544184862,1323.6528279581485,0,5760,1.0,False,False,complete,sindy_mpc_raw,10,2021,0.0,1901317562,20,100,87.4,regen-v2,637c6b535a9e,dcd5d8f,local
5760,-4.1408449701196455,5.162302676261414,9.30314764638106,0.10658931428699288,1.8405380955817783,7.356020236512288,209718.54622311995,1.1843257142999208,24.520067455040962,6.135126985272595,31.093749999999996,3969,20134.227553367615,93.76736111111111,359,329532.3897705078,31.89236111111111,3923,29810.37891769409,8251,36.44079126626397,845.5195670030788,1363.3615518265863,1275.9772398191615,0,5760,1.0,False,False,complete,sindy_mpc_raw,10,2022,0.0,1901317562,20,100,88.6,regen-v2,637c6b535a9e,dcd5d8f,local
5760,1.0690258880891395,4.336836334702768,3.2678104466136277,0.0014323921920731664,1.8281842003646926,1.438193854056862,176183.97609729995,0.01591546880081296,4.793979513522873,6.093947334548976,27.725694444444443,4163,18296.073088645935,99.46180555555556,31,1284.410888671875,28.62847222222222,4111,32442.584869384766,8305,0.48970673151031907,165.30963823293686,1354.2105196047419,1698.6179814769525,0,5760,1.0,False,False,complete,sindy_mpc_raw,10,2023,0.0,1901317562,20,100,86.3,regen-v2,637c6b535a9e,dcd5d8f,local
5760,9.252157775458077,15.812668691231506,6.5605109157734285,4.016620744229141,2.1426687080699636,0.4012214634743242,642389.6655812799,44.62911938032379,1.3374048782477475,7.142229026899879,51.26736111111111,2807,4615.181139945984,100.0,0,0.0,55.13888888888889,2584,6548.80354309082,5391,1373.2036734503156,46.117409389873,1587.162006735856,1402.0937735048133,0,5760,1.0,False,False,complete,sindy_mpc_raw_ens,10,2020,0.0,3420539272,20,100,90.5,regen-v2,637c6b535a9e,dcd5d8f,local
5760,-0.7668205149736781,7.978611754034048,8.745432269007726,5.954858984597767,1.5472147014125945,1.2433585829973646,324131.1025076332,66.16509982886407,4.144528609991215,5.157382338041982,61.78819444444444,2201,2621.2765254974365,99.56597222222221,25,8798.468139648438,43.020833333333336,3282,8927.58861541748,5508,2035.849224947447,142.91477952710926,1146.0849641181326,1274.3009964142618,0,5760,1.0,False,False,complete,sindy_mpc_raw_ens,10,2021,0.0,3420539272,20,100,91.8,regen-v2,637c6b535a9e,dcd5d8f,local
5760,0.04075034022058688,9.736632847629524,9.695882507408939,5.455314767122527,1.8812295463327628,2.359338193953648,395550.70943494944,60.614608523583634,7.8644606465121605,6.270765154442543,67.41319444444444,1877,2441.383236885071,100.0,0,0.0,56.59722222222222,2500,7032.863800048828,4377,1865.0648777372344,271.1882983180061,1393.503366992559,1251.0992371460975,0,5760,1.0,False,False,complete,sindy_mpc_raw_ens,10,2022,0.0,3420539272,20,100,92.3,regen-v2,637c6b535a9e,dcd5d8f,local
5760,6.02798849049139,12.614238011366524,6.586249520875134,4.230165378870808,2.0955425643582744,0.2605415776460519,512453.41921176505,47.00183754300898,0.8684719254868397,6.985141881194248,53.71527777777778,2666,3521.0403575897217,100.0,0,0.0,40.572916666666664,3423,8980.18380355835,6089,1446.2103853929625,29.9473079210024,1552.2537530365798,1665.7227125706922,0,5760,1.0,False,False,complete,sindy_mpc_raw_ens,10,2023,0.0,3420539272,20,100,103.2,regen-v2,637c6b535a9e,dcd5d8f,local
5760,9.286282942930907,16.220048336897026,6.9337653939661195,4.335998501885104,2.312661131919155,0.28510576016186095,658939.4636864417,48.177761132056716,0.9503525338728699,7.708870439730517,54.861111111111114,2600,3725.85910320282,100.0,0,0.0,63.59375000000001,2097,4535.295036315918,4697,1482.3926502829788,32.77077700805647,1713.082319331715,1413.359222476517,0,5760,1.0,False,False,complete,sindy_mpc_raw,11,2020,0.0,2759900508,20,100,100.9,regen-v2,637c6b535a9e,dcd5d8f,local
5760,-1.2227599437684722,7.954805613947512,9.177565557715983,6.397835750804486,1.727867355992848,1.0518624509186498,323163.9780666177,71.08706389782762,3.5062081697288328,5.759557853309493,64.47916666666667,2046,2194.6296796798706,99.47916666666666,30,17486.612670898438,52.15277777777778,2756,6338.484924316406,4832,2187.294273593326,120.90372996177373,1279.9017450462331,1278.8946413600393,0,5760,1.0,False,False,complete,sindy_mpc_raw,11,2021,0.0,2759900508,20,100,91.2,regen-v2,637c6b535a9e,dcd5d8f,local
5760,5.9335262506053414,15.331970132138949,9.398443881533607,5.53616118193888,2.1436216129604033,1.7186610866343237,622861.2866181448,61.51290202154311,5.72887028878108,7.145405376534678,70.05208333333334,1725,2033.8303480148315,99.94791666666667,3,25.926788330078125,59.49652777777777,2333,5279.500194549561,4061,1892.7046768933533,197.5472516484117,1587.8678609366546,1252.9884693437461,0,5760,1.0,False,False,complete,sindy_mpc_raw,11,2022,0.0,2759900508,20,100,93.0,regen-v2,637c6b535a9e,dcd5d8f,local
5760,5.512936245923022,12.836579639889862,7.323643393966838,4.715785713829688,2.4148535873762134,0.19300409276093702,521486.0478705256,52.397619042552094,0.6433469758697901,8.049511957920712,57.69097222222223,2437,2890.6325359344482,100.0,0,0.0,47.95138888888889,2998,5925.915367126465,5435,1612.234432682622,22.18437838147369,1788.7804353046301,1667.481514021152,0,5760,1.0,False,False,complete,sindy_mpc_raw,11,2023,0.0,2759900508,20,100,64.5,regen-v2,637c6b535a9e,dcd5d8f,local
5760,8.988717237304432,16.12498803948057,7.1362708021761385,4.707608394199816,2.199725534154936,0.22893687382138567,655077.6391038982,52.306759935553515,0.7631229127379523,7.332418447183121,63.33333333333333,2112,2240.491090774536,100.0,0,0.0,66.80555555555556,1912,3636.5840606689453,4024,1609.438766954715,26.31458323081103,1629.4263208459638,1397.1188607117952,0,5760,1.0,False,False,complete,sindy_mpc_raw_ens,11,2020,0.06500095500417327,1172286109,20,100,60.5,regen-v2,637c6b535a9e,dcd5d8f,local
5760,-1.533409016276864,7.796558429823169,9.329967446100033,6.7078714986310946,1.6402744848084412,0.9818214626604984,316735.18621156627,74.53190554034549,3.2727382088683283,5.467581616028138,71.57986111111111,1637,1329.1432456970215,99.39236111111111,35,21613.779418945312,53.59374999999999,2673,5471.066619873047,4345,2293.289399723753,112.85304156887477,1215.018136637795,1264.045644369805,0,5760,1.0,False,False,complete,sindy_mpc_raw_ens,11,2021,0.06500095500417327,1172286109,20,100,54.6,regen-v2,637c6b535a9e,dcd5d8f,local
5760,5.761294999995013,15.110249801857375,9.34895480186236,5.765945977530491,2.0707571550709565,1.5122516692609134,613853.8982004558,64.06606641700546,5.0408388975363785,6.902523850236522,76.52777777777777,1352,1319.587308883667,99.98263888888889,1,2.375457763671875,60.64236111111111,2267,4627.2285804748535,3620,1971.2635814969922,173.82203080727788,1533.8941908714974,1271.775940072669,0,5760,1.0,False,False,complete,sindy_mpc_raw_ens,11,2022,0.06500095500417327,1172286109,20,100,61.9,regen-v2,637c6b535a9e,dcd5d8f,local
5760,5.054819542777357,12.58876581252903,7.533946269751674,5.121676546839719,2.289078502526926,0.12319122038502789,511418.61113399186,56.90751718710799,0.4106374012834263,7.630261675089753,67.5,1872,1682.9609336853027,100.0,0,0.0,53.85416666666667,2658,4755.333274841309,4530,1751.0005291680397,14.159910420241763,1695.6137053119394,1670.9580615887066,0,5760,1.0,False,False,complete,sindy_mpc_raw_ens,11,2023,0.06500095500417327,1172286109,20,100,61.6,regen-v2,637c6b535a9e,dcd5d8f,local
5760,8.916099970520994,16.166337510946615,7.250237540425622,4.848523834350838,2.2236205863847225,0.17809311969006048,656757.4613822063,53.87248704834265,0.5936437323002016,7.412068621282408,69.54861111111111,1754,1469.6274337768555,100.0,0,0.0,64.35763888888889,2053,4159.609146118164,3807,1657.6149868784273,20.4704735268664,1647.1263611008503,1332.6241377647889,0,5760,1.0,False,False,complete,sindy_mpc_raw,12,2020,0.07043597402203884,444072569,20,100,59.2,regen-v2,637c6b535a9e,dcd5d8f,local
5760,-1.594470397281427,7.669564120524284,9.264034517805712,6.784749568010629,1.5983639087956867,0.8809210409993953,311576.0423962991,75.38610631122921,2.9364034699979844,5.327879695985622,78.71527777777779,1226,745.8785629272461,99.53125,27,7923.0126953125,51.68402777777777,2783,6080.898422241211,4036,2319.5725022698275,101.255292008421,1183.9732657558238,1216.130700437829,0,5760,1.0,False,False,complete,sindy_mpc_raw,12,2021,0.07043597402203884,444072569,20,100,69.6,regen-v2,637c6b535a9e,dcd5d8f,local
5760,5.737070793347645,14.960022970222198,9.222952176874553,5.885055504589814,2.150170522574363,1.187726149710377,607750.9331652768,65.38950560655348,3.959087165701257,7.167235075247877,81.59722222222221,1060,767.8187780380249,100.0,0,0.0,60.295138888888886,2287,4872.816787719727,3347,2011.9847880806328,136.52024705636165,1592.718905570282,1240.9761043784579,0,5760,1.0,False,False,complete,sindy_mpc_raw,12,2022,0.07043597402203884,444072569,20,100,88.1,regen-v2,637c6b535a9e,dcd5d8f,local
5760,4.902913968671257,12.582295893538019,7.67938192486676,5.189132851423885,2.349288077650213,0.14096099579266277,511155.770674982,57.65703168248761,0.4698699859755426,7.830960258834043,75.81597222222223,1393,919.919732093811,100.0,0,0.0,50.19097222222222,2869,5407.40767288208,4262,1774.0625136907352,16.202413178979086,1740.2133907279822,1607.3024611450035,0,5760,1.0,False,False,complete,sindy_mpc_raw,12,2023,0.07043597402203884,444072569,20,100,81.6,regen-v2,637c6b535a9e,dcd5d8f,local
5760,8.898623790415133,16.15846916005391,7.259845369638778,4.85260509455175,2.2187102898177264,0.18852998526930193,656437.8096271901,53.917834383908335,0.6284332842310064,7.395700966059088,69.86111111111111,1736,1446.387354850769,100.0,0,0.0,64.34027777777777,2054,4155.361103057861,3790,1659.0102887485455,21.67011331101474,1643.4891026895937,1331.2172202084994,0,5760,1.0,False,False,complete,sindy_mpc_raw_ens,12,2020,0.07366263115017696,4175380186,20,100,81.1,regen-v2,637c6b535a9e,dcd5d8f,local
5760,-1.6242101696623226,7.659529447142818,9.283739616805141,6.778110121300988,1.5924936666167318,0.9131358288874213,311168.383790177,75.3123346811221,3.0437860962914045,5.308312222055773,79.01041666666667,1209,739.9848394393921,99.91319444444444,5,182.1187744140625,51.12847222222222,2815,6116.761749267578,4029,2317.3026051142756,104.95814121536537,1179.6249384491452,1216.1145011117328,0,5760,1.0,False,False,complete,sindy_mpc_raw_ens,12,2021,0.07366263115017696,4175380186,20,100,69.2,regen-v2,637c6b535a9e,dcd5d8f,local
5760,5.679181218832857,14.969097725090005,9.28991650625715,5.873582499837951,2.1503113932382076,1.2660226131809895,608119.5950817815,65.26202777597724,4.220075377269965,7.167704644127359,81.63194444444444,1058,763.1877517700195,100.0,0,0.0,59.77430555555555,2317,4919.184436798096,3375,2008.062391888987,145.51984042785983,1592.823253354944,1239.9440609350827,0,5760,1.0,False,False,complete,sindy_mpc_raw_ens,12,2022,0.07366263115017696,4175380186,20,100,76.4,regen-v2,637c6b535a9e,dcd5d8f,local
5760,4.875039606877818,12.566269881776776,7.69123027489896,5.197120303072028,2.350930907648346,0.14317906417858536,510504.7139471816,57.745781145244756,0.47726354726195125,7.83643635882782,75.81597222222223,1393,907.9162616729736,100.0,0,0.0,50.05208333333333,2877,5411.744007110596,4270,1776.793267019984,16.457363751102704,1741.4303008482555,1608.8531106648356,0,5760,1.0,False,False,complete,sindy_mpc_raw_ens,12,2023,0.07366263115017696,4175380186,20,100,76.5,regen-v2,637c6b535a9e,dcd5d8f,local
5760,8.959865145247463,15.9433889797836,6.983523834536137,4.716699744366027,2.082477839724106,0.18434625044600375,647700.1773037087,52.4077749374003,0.6144875014866792,6.941592799080354,64.01041666666667,2073,2082.9770889282227,100.0,0,0.0,64.01041666666667,2073,4406.2253341674805,4146,1612.5469206677135,21.1892242193383,1542.5761785449859,1409.3203078802683,0,5760,1.0,False,False,complete,sindy_mpc_raw,13,2020,0.07111057799755109,3638982367,20,100,79.6,regen-v2,637c6b535a9e,dcd5d8f,local
5760,-1.3948743216748962,7.621090900366287,9.015965222041185,6.662454144148428,1.4922659575561519,0.8612451203366042,309606.81782738044,74.02726826831586,2.8708170677886806,4.974219858520507,72.77777777777777,1568,1104.9709453582764,100.0,0,0.0,51.44097222222223,2797,6513.909278869629,4365,2277.7621001381394,98.9936919750281,1105.3821905070395,1278.9010785883015,0,5760,1.0,False,False,complete,sindy_mpc_raw,13,2021,0.07111057799755109,3638982367,20,100,68.9,regen-v2,637c6b535a9e,dcd5d8f,local
5760,5.960910634012982,14.829766632546685,8.868855998533702,5.770992662363488,1.970866051734418,1.1269972844357965,602459.2694472091,64.12214069292764,3.7566576147859885,6.569553505781394,77.96875,1269,1097.001413345337,100.0,0,0.0,60.60763888888889,2269,5256.639923095703,3538,1972.9889436847334,129.53991774137592,1459.9007786555305,1278.3782901987636,0,5760,1.0,False,False,complete,sindy_mpc_raw,13,2022,0.07111057799755109,3638982367,20,100,77.0,regen-v2,637c6b535a9e,dcd5d8f,local
5760,5.1357356097907525,12.40835008525561,7.272614475464857,5.023075243308387,2.1203129129812734,0.12922631917519573,504089.22221350914,55.811947147870974,0.43075439725065245,7.067709709937579,68.95833333333333,1788,1415.277702331543,100.0,0,0.0,49.14930555555556,2929,5827.683349609375,4717,1717.2906819462896,14.853600002008433,1570.60215587034,1668.7563355031648,0,5760,1.0,False,False,complete,sindy_mpc_raw,13,2023,0.07111057799755109,3638982367,20,100,75.4,regen-v2,637c6b535a9e,dcd5d8f,local
5760,8.888829031119926,15.931709680083243,7.042880648963317,4.785234697129704,2.0888052847388283,0.16884066709478432,647225.7057533817,53.16927441255227,0.5628022236492811,6.962684282462761,64.61805555555556,2038,1967.7125120162964,100.0,0,0.0,65.17361111111111,2006,4200.766937255859,4044,1635.977675293033,19.406973299562473,1547.263173944246,1417.4644657692807,0,5760,1.0,False,False,complete,sindy_mpc_raw_ens,13,2020,0.07224399862780512,1858988565,20,100,76.9,regen-v2,637c6b535a9e,dcd5d8f,local
5760,-1.4529325537581332,7.603835702603696,9.05676825636183,6.748259130531954,1.4994523212299178,0.8090568045999574,308905.82541827514,74.9806570059106,2.6968560153331915,4.998174404099726,73.59375,1521,1034.2695617675781,100.0,0,0.0,52.67361111111111,2726,6136.589714050293,4247,2307.097139891468,92.99503502718456,1110.7054225375182,1282.184618717834,0,5760,1.0,False,False,complete,sindy_mpc_raw_ens,13,2021,0.07224399862780512,1858988565,20,100,72.7,regen-v2,637c6b535a9e,dcd5d8f,local
5760,5.946012539630507,14.800342163152774,8.854329623522267,5.839881621863414,1.975583832134721,1.0388641695241323,601263.9003780815,64.88757357626017,3.4628805650804413,6.58527944044907,78.33333333333333,1248,1060.4342775344849,100.0,0,0.0,61.90972222222222,2194,4992.07731628418,3442,1996.5407244844764,119.40967473817682,1463.3954313942752,1280.6455254916043,0,5760,1.0,False,False,complete,sindy_mpc_raw_ens,13,2022,0.07224399862780512,1858988565,20,100,78.8,regen-v2,637c6b535a9e,dcd5d8f,local
5760,5.05327787238465,12.39993167577787,7.34665380339322,5.10175499454143,2.1278922675394423,0.11700654131234721,503747.224328476,56.686166606015895,0.3900218043744907,7.092974225131474,69.72222222222221,1744,1336.9581174850464,100.0,0,0.0,50.86805555555556,2830,5453.001316070557,4574,1744.1897417369255,13.44902770803205,1576.2164943008665,1675.57477759613,0,5760,1.0,False,False,complete,sindy_mpc_raw_ens,13,2023,0.07224399862780512,1858988565,20,100,79.8,regen-v2,637c6b535a9e,dcd5d8f,local
5760,8.861505364654153,16.012015376765326,7.1505100121111695,4.823399984346034,2.088719793012687,0.23839023475244928,650488.1246810913,53.59333315940038,0.7946341158414976,6.96239931004229,63.854166666666664,2082,2036.3999433517456,100.0,0,0.0,66.52777777777777,1928,3977.896942138672,4010,1649.0256361686634,27.401176389116777,1547.1998465470401,1412.3948464225105,0,5760,1.0,False,False,complete,sindy_mpc_raw,14,2020,0.07259655506965199,3340526572,20,100,78.4,regen-v2,637c6b535a9e,dcd5d8f,local
5760,-1.5813079368590799,7.776945590322728,9.358253527181809,6.769868355165908,1.512676518147682,1.075708653868218,315938.41460686084,75.22075950184343,3.58569551289406,5.042255060492273,73.92361111111111,1502,980.6010932922363,99.61805555555556,22,5784.46923828125,53.97569444444444,2651,5717.137542724609,4175,2314.484907232134,123.64467303043688,1120.5011247592229,1245.2766075843228,0,5760,1.0,False,False,complete,sindy_mpc_raw,14,2021,0.07259655506965199,3340526572,20,100,68.7,regen-v2,637c6b535a9e,dcd5d8f,local
5760,0.01100999396454827,9.78680306569036,9.775793071725811,6.084368848849616,1.856913309608149,1.8345109132680477,397588.8745436709,67.60409832055129,6.115036377560159,6.189711032027163,76.78819444444444,1337,1194.409854888916,100.0,0,0.0,63.50694444444444,2102,4617.437232971191,3439,2080.126102740625,210.86332350059087,1375.4913412044368,1257.2252394600787,0,5760,1.0,False,False,complete,sindy_mpc_raw,14,2022,0.07259655506965199,3340526572,20,100,71.1,regen-v2,637c6b535a9e,dcd5d8f,local
5760,5.074874662931238,12.486926490378712,7.412051827447473,5.182726183068554,2.048786960129942,0.18053868424897782,507281.3886716352,57.58584647853949,0.6017956141632594,6.829289867099807,68.92361111111111,1790,1400.5213689804077,100.0,0,0.0,53.333333333333336,2688,4948.562370300293,4478,1771.8721998504268,20.75157297479146,1517.6199698051896,1670.96319720263,0,5760,1.0,False,False,complete,sindy_mpc_raw,14,2023,0.07259655506965199,3340526572,20,100,77.9,regen-v2,637c6b535a9e,dcd5d8f,local
5760,8.87502211484472,15.991312777659079,7.116290662814359,4.815630503835976,2.1063352725963265,0.19432488638205658,649647.0815924001,53.507005598177514,0.647749621273522,7.021117575321089,62.673611111111114,2150,2286.501696586609,100.0,0,0.0,68.26388888888889,1828,3733.658004760742,3978,1646.369401981984,22.33619385970641,1560.2483504844413,1435.113209801612,0,5760,1.0,False,False,complete,sindy_mpc_raw_ens,14,2020,0.06851988246252318,2071158453,20,100,81.3,regen-v2,637c6b535a9e,dcd5d8f,local
5760,-1.6187927476124033,7.80509741571129,9.423890163323694,6.810477574788311,1.5366609937853424,1.0767515947500408,317082.0825132712,75.67197305320346,3.5891719825001362,5.122203312617808,73.14236111111111,1547,1190.606255531311,99.35763888888889,37,15161.577270507812,55.53819444444444,2561,5466.232978820801,4145,2328.368401689505,123.7645509512137,1138.2674030283097,1264.5628542084637,0,5760,1.0,False,False,complete,sindy_mpc_raw_ens,14,2021,0.06851988246252318,2071158453,20,100,70.9,regen-v2,637c6b535a9e,dcd5d8f,local
5760,5.459123815515934,15.191013532883357,9.731889717367427,5.944866218133905,1.9923401677887016,1.7946833314448194,617134.9247733864,66.05406909037673,5.982277771482732,6.641133892629005,77.76041666666667,1281,1329.3890924453735,100.0,0,0.0,63.31597222222223,2113,4710.953800201416,3394,2032.4328949017086,206.285440284166,1475.807531521556,1266.5383992131804,0,5760,1.0,False,False,complete,sindy_mpc_raw_ens,14,2022,0.06851988246252318,2071158453,20,100,78.6,regen-v2,637c6b535a9e,dcd5d8f,local
5760,5.0824142920060975,12.516707610183165,7.434293318177069,5.185565412769254,2.0951386719573355,0.15358923345047887,508491.2466636911,57.61739347521394,0.5119641115015963,6.983795573191118,66.97916666666667,1902,1740.0602416992188,100.0,0,0.0,55.885416666666664,2541,4596.628158569336,4443,1772.8428754459753,17.65393483049258,1551.954571975201,1685.6901540120793,0,5760,1.0,False,False,complete,sindy_mpc_raw_ens,14,2023,0.06851988246252318,2071158453,20,100,78.1,regen-v2,637c6b535a9e,dcd5d8f,local
5760,6.986073922388759,16.538878116557626,9.552804194168868,3.915095400698129,4.231761679718655,1.405947113752083,671891.9234851536,43.50106000775699,4.68649037917361,14.105872265728852,48.62847222222222,2959,4984.717357635498,80.39930555555556,1129,1365468.4830322266,58.71527777777777,2378,5602.234756469727,6466,1338.4941545737897,161.60311652967187,3134.6382821738034,1365.8521233013885,0,5760,1.0,False,False,complete,sindy_mpc_raw,15,2020,0.0,3327457588,20,100,80.2,regen-v2,637c6b535a9e,dcd5d8f,local
5760,-5.548405740582399,7.767545121748757,13.315950862331157,5.382439528572205,4.205977533812428,3.727533799946523,315556.52057104325,59.80488365080228,12.42511266648841,14.019925112708094,52.03124999999999,2763,4466.987818002701,62.517361111111114,2159,3342493.360595703,33.68055555555556,3820,9792.594360351562,8742,1840.150265286942,428.45216131582555,3115.538914923861,1255.5829138789838,0,5760,1.0,False,False,complete,sindy_mpc_raw,15,2021,0.0,3327457588,20,100,74.2,regen-v2,637c6b535a9e,dcd5d8f,local
5760,-5.8956679190437775,9.346360899711993,15.24202881875577,3.8859641325922496,4.067805617545838,7.288259068617685,379695.91155079973,43.177379251024995,24.294196895392282,13.559352058486128,52.326388888888886,2746,5730.326660633087,65.38194444444444,1994,5817309.741943359,44.44444444444444,3200,11297.97732925415,7940,1328.5347454485104,837.7309278234379,3013.189346408236,1217.2729871091585,0,5760,1.0,False,False,complete,sindy_mpc_raw,15,2022,0.0,3327457588,20,100,73.5,regen-v2,637c6b535a9e,dcd5d8f,local
5760,3.1416753712682937,13.032619118030116,9.890943746761824,4.666832130398619,4.597595812935955,0.6265158034272488,529450.1516699735,51.85369033776244,2.088386011424163,15.325319376453184,55.24305555555556,2578,3394.2501134872437,86.16319444444444,797,679116.3890380859,46.61458333333333,3075,5793.071586608887,6450,1595.498164308261,72.01331081615326,3405.6265277621355,1646.3374799864664,0,5760,1.0,False,False,complete,sindy_mpc_raw,15,2023,0.0,3327457588,20,100,80.9,regen-v2,637c6b535a9e,dcd5d8f,local
5760,7.107876718058309,16.527673072697148,9.41979635463884,3.9969306992651648,4.177311085436784,1.2455545699368924,671436.7185783217,44.410341102946276,4.151848566456308,13.924370284789282,48.81944444444444,2948,4904.983359336853,82.10069444444444,1031,1069455.5911865234,60.03472222222223,2302,5156.44454574585,6281,1366.4720338649845,143.16719198306538,3094.3045087145033,1370.6518649314771,0,5760,1.0,False,False,complete,sindy_mpc_raw_ens,15,2020,0.0,3921578961,20,100,87.9,regen-v2,637c6b535a9e,dcd5d8f,local
5760,-5.057685684263268,8.075837577669967,13.133523261933234,5.546404663478352,4.100856272026715,3.486262326428168,328080.9015928424,61.6267184830928,11.620874421427228,13.669520906755718,52.65625000000001,2727,4022.3744325637817,64.79166666666667,2028,2603311.209350586,35.46875,3717,9004.845413208008,8472,1896.2067221226498,400.7198074571745,3037.6713129068244,1263.3722460448944,0,5760,1.0,False,False,complete,sindy_mpc_raw_ens,15,2021,0.0,3921578961,20,100,92.5,regen-v2,637c6b535a9e,dcd5d8f,local
5760,-4.542093842034773,10.370661216034396,14.912755058069166,4.215764794786351,3.9676952531185266,6.729295010164289,421308.1119013973,46.84183105318167,22.4309833672143,13.225650843728422,53.142361111111114,2699,4675.423748016357,67.27430555555556,1885,4041624.0283203125,46.00694444444444,3110,9675.023056030273,7694,1441.2871085294616,773.4821854747513,2939.0335221156865,1230.1642159336752,0,5760,1.0,False,False,complete,sindy_mpc_raw_ens,15,2022,0.0,3921578961,20,100,91.4,regen-v2,637c6b535a9e,dcd5d8f,local
5760,3.1782369634473855,13.019176427042776,9.84093946359539,4.716504668662356,4.539770831713625,0.5846639632194103,528904.0423486128,52.405607429581735,1.9488798773980343,15.132569439045417,55.34722222222223,2572,3374.3356742858887,88.31597222222223,673,572199.8497314453,47.89930555555556,3001,5545.918876647949,6246,1612.4802291323344,67.20275434485282,3362.7932093748313,1650.2090025022865,0,5760,1.0,False,False,complete,sindy_mpc_raw_ens,15,2023,0.0,3921578961,20,100,88.8,regen-v2,637c6b535a9e,dcd5d8f,local
5760,8.97404883818841,16.18595467144772,7.211905833259312,4.577839123909143,2.3618422839126962,0.2722244254374731,657554.4085275637,50.86487915454604,0.9074147514582437,7.872807613042321,55.3125,2574,3844.458812713623,100.0,0,0.0,70.59027777777777,1694,3480.394931793213,4268,1565.0732038973515,31.290163829241894,1749.512801541257,1409.808169232897,0,5760,1.0,False,False,complete,sindy_mpc_raw,16,2020,0.0,236742509,20,100,82.4,regen-v2,637c6b535a9e,dcd5d8f,local
5760,-1.6211331495223322,8.000455221385991,9.621588370908324,6.691214626936448,1.808397807441237,1.121975936530638,325018.4933688059,74.34682918818275,3.7399197884354605,6.02799269147079,65.48611111111111,1988,2114.060255050659,99.44444444444444,32,15807.89453125,58.854166666666664,2370,4959.725654602051,4390,2287.5947436401616,128.96275153853088,1339.553930647232,1281.0641765984756,0,5760,1.0,False,False,complete,sindy_mpc_raw,16,2021,0.0,236742509,20,100,73.2,regen-v2,637c6b535a9e,dcd5d8f,local
5760,-0.09168467286723025,9.992714436814776,10.084399109682005,5.975440575220528,2.107658764900604,2.0012997695608727,405954.02399560023,66.39378416911698,6.670999231869576,7.025529216335347,70.38194444444444,1706,2142.741555213928,100.0,0,0.0,65.64236111111111,1979,4021.58895111084,3685,2042.8856669513082,230.03445645042785,1561.2287143444198,1234.8031447357343,0,5760,1.0,False,False,complete,sindy_mpc_raw,16,2022,0.0,236742509,20,100,73.6,regen-v2,637c6b535a9e,dcd5d8f,local
5760,5.115707690815446,12.901051921811547,7.7853442309961025,5.045019976345095,2.536379112974142,0.2039451416768643,524105.23432359414,56.055777514945504,0.6798171389228811,8.45459704324714,58.072916666666664,2415,2942.0236015319824,100.0,0,0.0,57.77777777777777,2432,4240.072616577148,4847,1724.793152934751,23.441970313967776,1878.799343406716,1661.4756409589095,0,5760,1.0,False,False,complete,sindy_mpc_raw,16,2023,0.0,236742509,20,100,82.3,regen-v2,637c6b535a9e,dcd5d8f,local
5760,8.931090044587759,16.188902692568213,7.257812647980454,4.628987461324914,2.3728968761264113,0.2559283105291297,657674.1718855837,51.433194014721266,0.8530943684304323,7.909656253754704,55.97222222222222,2536,3696.362398147583,100.0,0,0.0,71.26736111111111,1655,3441.3958854675293,4191,1582.5598156691196,29.41704700604166,1757.7013894726474,1408.5320105013177,0,5760,1.0,False,False,complete,sindy_mpc_raw_ens,16,2020,0.0,3396766971,20,100,85.3,regen-v2,637c6b535a9e,dcd5d8f,local
5760,-1.697867620294562,7.989204988302306,9.687072608596868,6.734988586724835,1.8154920788859659,1.136591942986067,324561.4526497812,74.83320651916485,3.7886398099535565,6.05164026295322,65.76388888888889,1972,2015.9716386795044,99.34027777777777,38,42011.97375488281,59.84374999999999,2313,4860.589668273926,4323,2302.5601998980183,130.64275222181928,1344.80894708905,1275.3788034145741,0,5760,1.0,False,False,complete,sindy_mpc_raw_ens,16,2021,0.0,3396766971,20,100,75.5,regen-v2,637c6b535a9e,dcd5d8f,local
5760,-0.14185824538389125,9.99309267516275,10.134950920546641,6.015763763864648,2.1153167823299603,2.0038703743520325,405969.3899284867,66.84181959849609,6.679567914506776,7.051055941099868,70.83333333333334,1680,2056.4114818573,100.0,0,0.0,66.31944444444444,1940,3954.1513900756836,3620,2056.6713717808734,230.32992812644977,1566.9013190076098,1234.404719240808,0,5760,1.0,False,False,complete,sindy_mpc_raw_ens,16,2022,0.0,3396766971,20,100,79.5,regen-v2,637c6b535a9e,dcd5d8f,local
5760,5.059874739433288,12.900702574384209,7.840827834950923,5.092836091775363,2.5402610107475327,0.20773073242802637,524091.0420843585,56.58706768639292,0.6924357747600879,8.467536702491776,58.81944444444444,2372,2791.069829940796,100.0,0,0.0,58.64583333333333,2382,4136.530410766602,4754,1741.1405442635873,23.877095718148524,1881.6748223622055,1660.9087614494129,0,5760,1.0,False,False,complete,sindy_mpc_raw_ens,16,2023,0.0,3396766971,20,100,85.6,regen-v2,637c6b535a9e,dcd5d8f,local
5760,8.795882536287056,16.003932008944847,7.208049472657793,4.753866181819562,2.1527583499327623,0.3014249409054669,650159.7378633845,52.820735353550695,1.0047498030182231,7.175861166442541,60.08680555555556,2299,2903.126322746277,100.0,0,0.0,68.15972222222221,1834,3886.516067504883,4133,1625.2533955956633,34.646544829312624,1594.6358150604024,1466.8729158123992,0,5760,1.0,False,False,complete,sindy_mpc_raw,17,2020,0.0,1897684973,20,100,85.0,regen-v2,637c6b535a9e,dcd5d8f,local
5760,-1.6928290518133948,7.823051195879659,9.515880247693055,6.812423322937117,1.5715389937698212,1.1319179309861152,317811.45483261114,75.69359247707908,3.773059769953717,5.238463312566071,69.40972222222223,1762,1421.9323740005493,99.67013888888889,19,3859.849853515625,57.89930555555556,2425,5080.527931213379,4206,2329.033613509138,130.10550940940576,1164.102958422269,1298.2313145335959,0,5760,1.0,False,False,complete,sindy_mpc_raw,17,2021,0.0,1897684973,20,100,71.7,regen-v2,637c6b535a9e,dcd5d8f,local
5760,5.4088438098014056,15.167995991568425,9.759152181767021,5.945461215018616,2.0342455427521258,1.7794454239962765,616199.8371574673,66.06068016687351,5.931484746654255,6.7808184758404195,74.51388888888889,1468,1498.6488494873047,100.0,0,0.0,65.12152777777777,2009,4252.054454803467,3477,2032.6363120331375,204.5339567171453,1506.8485505329156,1300.4724768742594,0,5760,1.0,False,False,complete,sindy_mpc_raw,17,2022,0.0,1897684973,20,100,80.3,regen-v2,637c6b535a9e,dcd5d8f,local
5760,5.011959396763412,12.549758856388177,7.537799459624763,5.196316172489992,2.1369872349049706,0.20449605222980027,509833.95354076964,57.736846360999905,0.6816535074326676,7.123290783016569,64.60069444444444,2039,2014.6844062805176,100.0,0,0.0,57.11805555555556,2470,4374.264358520508,4509,1776.5183503999106,23.505293404630798,1582.9535077164878,1700.2252201914614,0,5760,1.0,False,False,complete,sindy_mpc_raw,17,2023,0.0,1897684973,20,100,80.6,regen-v2,637c6b535a9e,dcd5d8f,local
5760,8.764603837394969,16.028136994249724,7.263533156854755,4.8199192970162,2.1708611813096788,0.27275267852887625,651143.065391395,53.55465885573555,0.9091755950962542,7.23620393769893,59.739583333333336,2319,2948.5791301727295,100.0,0,0.0,71.28472222222221,1654,3545.846122741699,3973,1647.835657170826,31.35088250626158,1608.045319070735,1456.9069551974528,0,5760,1.0,False,False,complete,sindy_mpc_raw_ens,17,2020,0.0,2668400225,20,100,84.0,regen-v2,637c6b535a9e,dcd5d8f,local
5760,-1.7633546789808803,7.826952617070946,9.590307296051826,6.9066245569318845,1.5892581273469484,1.0944246117729928,317969.95006850717,76.74027285479872,3.6480820392433095,5.2975270911564944,69.63541666666667,1749,1402.5750379562378,99.54861111111111,26,7285.0321044921875,60.08680555555556,2299,4692.005210876465,4074,2361.239164766908,125.79593243831846,1177.228243094601,1290.6610874287148,0,5760,1.0,False,False,complete,sindy_mpc_raw_ens,17,2021,0.0,2668400225,20,100,68.6,regen-v2,637c6b535a9e,dcd5d8f,local
5760,5.361558748673134,15.186948734910859,9.825389986237724,6.025614507435726,2.05125117537877,1.7485243034232283,616969.7923557536,66.95127230484141,5.828414344744094,6.837503917929233,74.70486111111111,1457,1509.7573909759521,100.0,0,0.0,66.80555555555556,1912,3942.500358581543,3369,2060.0391480670955,200.9798051715133,1519.4453144646673,1289.5113649124316,0,5760,1.0,False,False,complete,sindy_mpc_raw_ens,17,2022,0.0,2668400225,20,100,88.1,regen-v2,637c6b535a9e,dcd5d8f,local
5760,4.935695363115313,12.592339376830209,7.656644013714897,5.286469746617897,2.1723307135561445,0.19784355354085562,511563.78718372725,58.738552740198855,0.6594785118028521,7.241102378520482,64.56597222222223,2041,2039.4151067733765,100.0,0,0.0,60.520833333333336,2274,3948.640727996826,4315,1807.3400846472464,22.740638463851333,1609.1338606150507,1691.348081700922,0,5760,1.0,False,False,complete,sindy_mpc_raw_ens,17,2023,0.0,2668400225,20,100,83.6,regen-v2,637c6b535a9e,dcd5d8f,local
5760,8.680368848141843,15.952628066386394,7.272259218244553,4.710888822424482,2.1655095437716763,0.3958608520483947,648075.5151969473,52.3432091380498,1.3195361734946491,7.2183651459055875,58.71527777777777,2378,3176.0993814468384,100.0,0,0.0,65.55555555555556,1984,3980.526924133301,4362,1610.5602803809875,45.50124734022044,1604.0811437016748,1503.323591679775,0,5760,1.0,False,False,complete,sindy_mpc_raw,18,2020,0.0,695371874,20,100,82.5,regen-v2,637c6b535a9e,dcd5d8f,local
5760,-1.8998709651152614,7.908538170799145,9.808409135914406,6.806417525745186,1.6005638707618655,1.4014277394073547,321284.36318871524,75.62686139716874,4.671425798024516,5.335212902539552,67.67361111111111,1862,1760.3252296447754,99.75694444444444,14,2172.8189697265625,55.17361111111111,2582,5010.785720825195,4458,2326.9803526447267,161.08364820340176,1185.6028665521492,1333.1948181238527,0,5760,1.0,False,False,complete,sindy_mpc_raw,18,2021,0.0,695371874,20,100,75.5,regen-v2,637c6b535a9e,dcd5d8f,local
5760,4.8123126746028015,15.394456765556965,10.582144090954165,5.900490556656848,2.0415166651040506,2.640136869193266,625399.8061007517,65.5610061850761,8.80045623064422,6.805055550346836,73.21180555555556,1543,1639.4161739349365,100.0,0,0.0,61.979166666666664,2190,4372.380058288574,3733,2017.261728749571,303.4640081286631,1512.2345667801249,1319.7180955451565,0,5760,1.0,False,False,complete,sindy_mpc_raw,18,2022,0.0,695371874,20,100,83.6,regen-v2,637c6b535a9e,dcd5d8f,local
5760,4.981211782485472,12.512131000687855,7.530919218202383,5.150792521623168,2.1525894885203636,0.22753720805885208,508305.3219029441,57.2310280180352,0.7584573601961736,7.175298295067879,62.482638888888886,2161,2285.725588798523,100.0,0,0.0,54.65277777777777,2612,4671.584300994873,4773,1760.9547079413946,26.153702177260573,1594.510732248151,1739.8588841326941,0,5760,1.0,False,False,complete,sindy_mpc_raw,18,2023,0.0,695371874,20,100,85.6,regen-v2,637c6b535a9e,dcd5d8f,local
5760,8.86377255381665,15.961919297941119,7.0981467441244686,4.682738995277248,2.1299901748016223,0.285417574045598,648452.9714788579,52.03043328085831,0.9513919134853266,7.099967249338741,58.99305555555555,2362,3022.4653177261353,100.0,0,0.0,66.90972222222223,1906,4199.413612365723,4268,1600.93640899224,32.80661778507964,1577.770499915427,1461.3483669807865,0,5760,1.0,False,False,complete,sindy_mpc_raw_ens,18,2020,0.0,770902234,20,100,90.2,regen-v2,637c6b535a9e,dcd5d8f,local
5760,-1.5594889630187003,7.838036821846041,9.39752578486474,6.7256919502986205,1.550864008441803,1.120969826124317,318420.2458874954,74.72991055887357,3.736566087081057,5.1695466948060105,69.23611111111111,1772,1480.458745956421,99.73958333333334,15,2638.4696044921875,55.90277777777778,2540,5631.396217346191,4327,2299.3818617890297,128.84710663746685,1148.7881547824234,1298.2410503928083,0,5760,1.0,False,False,complete,sindy_mpc_raw_ens,18,2021,0.0,770902234,20,100,74.2,regen-v2,637c6b535a9e,dcd5d8f,local
5760,5.454403362649635,15.175619382830856,9.72121602018122,5.881985699594321,2.008489145104053,1.830741175482845,616509.5374275035,65.35539666215912,6.102470584942817,6.694963817013511,74.32291666666667,1479,1543.5608348846436,100.0,0,0.0,63.52430555555556,2101,4716.252254486084,3580,2010.9352813003973,210.4300201219105,1487.7697369269413,1288.5281412061213,0,5760,1.0,False,False,complete,sindy_mpc_raw_ens,18,2022,0.0,770902234,20,100,83.4,regen-v2,637c6b535a9e,dcd5d8f,local
5760,5.174840951869917,12.531206172935455,7.356365221065539,5.0520798392456285,2.0981606725035675,0.20612470931634308,509080.2507755029,56.13422043606254,0.6870823643878103,6.993868908345226,63.298611111111114,2114,2151.9330892562866,100.0,0,0.0,53.95833333333333,2652,5065.146839141846,4766,1727.2067826664352,23.692495412877978,1554.1930909475182,1697.454940021414,0,5760,1.0,False,False,complete,sindy_mpc_raw_ens,18,2023,0.0,770902234,20,100,82.2,regen-v2,637c6b535a9e,dcd5d8f,local
5760,9.156619670715308,16.059177022726757,6.902557352011447,4.648270693838956,2.0783119511203703,0.17597470705212098,652404.0665482745,51.64745215376618,0.5865823568404033,6.9277065037345675,63.020833333333336,2130,2213.3324003219604,100.0,0,0.0,63.62847222222222,2095,4288.842258453369,4225,1589.1523740696935,20.226977681173242,1539.4903333395075,1291.6749451300004,0,5760,1.0,False,False,complete,sindy_mpc_raw,19,2020,0.08246800416876088,2155180906,20,100,83.1,regen-v2,637c6b535a9e,dcd5d8f,local
5760,-1.2956188545300438,7.684053079699702,8.979671934229746,6.613468876704417,1.5133220193250034,0.8528810382003253,312164.6563628004,73.48298751893796,2.842936794001085,5.044406731083345,73.45486111111111,1529,1090.925778388977,99.65277777777779,20,5261.6265869140625,51.45833333333333,2796,6507.390983581543,4345,2261.015000438183,98.03230322016093,1120.9792740061343,1190.394315759795,0,5760,1.0,False,False,complete,sindy_mpc_raw,19,2021,0.08246800416876088,2155180906,20,100,72.3,regen-v2,637c6b535a9e,dcd5d8f,local
5760,5.98500979967415,14.938515743148512,8.953505943474363,5.788865364395532,1.9415928423973865,1.2230477366814454,606877.2020654083,64.32072627106147,4.076825788938152,6.471976141324622,77.25694444444444,1310,1164.883864402771,100.0,0,0.0,60.03472222222223,2302,5552.123569488525,3612,1979.0992690761882,140.58019962569585,1438.216920030759,1186.2280089000558,0,5760,1.0,False,False,complete,sindy_mpc_raw,19,2022,0.08246800416876088,2155180906,20,100,84.3,regen-v2,637c6b535a9e,dcd5d8f,local
5760,5.304840170210249,12.564264299198896,7.2594241289886465,4.9593436742956545,2.1311035101176135,0.16897694457537896,510423.23715495516,55.10381860328505,0.5632564819179299,7.103678367058712,67.13541666666667,1893,1658.3941431045532,100.0,0,0.0,47.795138888888886,3007,5957.396011352539,4900,1695.5021112703794,19.422637254697662,1578.5951940918715,1576.2908910594012,0,5760,1.0,False,False,complete,sindy_mpc_raw,19,2023,0.08246800416876088,2155180906,20,100,82.5,regen-v2,637c6b535a9e,dcd5d8f,local
5760,9.168812467456512,16.07491007951486,6.906097612058352,4.650917380000967,2.0861972917272142,0.1689829403301702,653043.2219802913,51.67685977778853,0.5632764677672341,6.953990972424048,63.00347222222222,2131,2216.2365951538086,100.0,0,0.0,63.97569444444444,2075,4321.077674865723,4206,1590.0572234503302,19.423326478626905,1545.3313282461263,1288.9191389653556,0,5760,1.0,False,False,complete,sindy_mpc_raw_ens,19,2020,0.08198988955114145,3569531430,20,100,88.9,regen-v2,637c6b535a9e,dcd5d8f,local
5760,-1.2958933516303102,7.686519639601489,8.9824129912318,6.619567496680642,1.5192709198512662,0.8435745746998916,312264.8603588105,73.55074996311825,2.8119152489996386,5.064236399504221,73.75,1512,1084.285792350769,99.65277777777779,20,5379.505615234375,51.71875,2781,6513.300956726074,4313,2263.0999988668864,96.96259491591569,1125.3858671059647,1189.0749473525423,0,5760,1.0,False,False,complete,sindy_mpc_raw_ens,19,2021,0.08198988955114145,3569531430,20,100,83.3,regen-v2,637c6b535a9e,dcd5d8f,local
5760,5.982486373585512,14.938905849774532,8.95641947618902,5.802128787816672,1.946725645593082,1.207565042779266,606893.0501470903,64.46809764240747,4.0252168092642195,6.489085485310273,77.41319444444444,1301,1165.3982162475586,100.0,0,0.0,60.26041666666667,2289,5541.386161804199,3590,1983.6337737142499,138.80057959195412,1442.018996091187,1185.0841590705204,0,5760,1.0,False,False,complete,sindy_mpc_raw_ens,19,2022,0.08198988955114145,3569531430,20,100,81.3,regen-v2,637c6b535a9e,dcd5d8f,local
5760,5.304663992302517,12.573166544568796,7.26850255226628,4.964127921067216,2.140406526593707,0.16396810460535707,510784.89087310736,55.15697690074684,0.5465603486845236,7.134688421979023,67.25694444444444,1886,1637.214425086975,100.0,0,0.0,47.77777777777778,3008,5956.515850067139,4894,1697.1377517466851,18.846908569873307,1585.486316501518,1578.149290649002,0,5760,1.0,False,False,complete,sindy_mpc_raw_ens,19,2023,0.08198988955114145,3569531430,20,100,66.6,regen-v2,637c6b535a9e,dcd5d8f,local
