steps,epi,revenue,cost_total,cost_heat,cost_co2,cost_elec,fruit_dm_growth,energy_heat_kwh_m2,energy_elec_kwh_m2,co2_kg_m2,t_in_in_corridor_pct,t_in_violation_steps,t_in_violation_area,co2_in_corridor_pct,co2_violation_steps,co2_violation_area,rh_in_corridor_pct,rh_violation_steps,rh_violation_area,violation_steps_total,boiler_sum,lamp_sum,co2_injection_sum,vent_sum,solver_failures,steps_expected,season_fraction,truncated,block,condition,oracle_horizon,seed,test_year,secs,regen_id,config_hash,git_sha,image,metric_scope,horizon,state,rmse,mae,r2,failed_rollouts,attempted_rollouts,recipe,xi_uboil,rng_seed,traj_steps
5760.0,2.893207072437666,17.944881372128908,15.05167429969124,7.719390950512995,2.67437693588362,4.657906413294625,729010.8057427368,85.77101056125551,15.526354710982083,8.914589786278734,73.85416666666667,1506.0,2482.305495262146,100.0,0.0,0.0,69.13194444444444,1778.0,3957.469005584717,3284.0,2639.1080180301587,535.3915414506635,1981.0199525488188,747.5854691622005,12.0,5760.0,1.0,False,horizon,h=12,12.0,0,2020,4498.9,regen-v2,637c6b535a9e,unknown,greenhouse-regen:v1,,,,,,,,,,,,
5760.0,2.786963210873269,18.162865919209224,15.375902708335955,7.5969683425726195,2.623822392605983,5.155111973157352,737866.4279678747,84.410759361918,17.183706577191174,8.746074642019943,79.53125,1179.0,1919.601845741272,100.0,0.0,0.0,69.89583333333333,1734.0,4045.1191387176514,2913.0,2597.254132417608,592.5416067089199,1943.5721412144728,726.7822002330897,71.0,5760.0,1.0,False,horizon,h=20,20.0,0,2020,7373.3,regen-v2,637c6b535a9e,unknown,greenhouse-regen:v1,,,,,,,,,,,,
3756.0,0.2276469768617926,12.045225237368824,11.817578260507032,5.397309328642711,1.6086968930727246,4.811572038791596,489337.27526810847,59.97010365158568,16.038573462638652,5.362322976909082,74.20127795527156,969.0,2000.930400848389,100.0,0.0,0.0,70.6070287539936,1104.0,2561.3588485717773,2073.0,1845.233956609983,553.0542574754804,1191.627328773994,444.795278322815,100.0,5760.0,0.6521,True,horizon,h=48,48.0,0,2020,11192.4,regen-v2,637c6b535a9e,unknown,greenhouse-regen:v1,,,,,,,,,,,,
3556.0,-1.0756641596580137,11.549560215816992,12.625224375475009,5.5386138945793775,1.5974692427713792,5.48914123812425,469200.88376756536,61.540154384215306,18.297137460414167,5.3248974759045975,67.88526434195725,1142.0,2177.184593200684,100.0,0.0,0.0,70.78177727784028,1039.0,2473.703426361084,2181.0,1893.543210172004,630.9357744231226,1183.3105499909038,468.1865998347734,100.0,5760.0,0.6174,True,horizon,h=96,96.0,0,2020,19019.2,regen-v2,637c6b535a9e,unknown,greenhouse-regen:v1,,,,,,,,,,,,
,,,,,,,,,,,,,,,,,,,,,,,,,,,,,replay,replay_confirmatory,,0,2020,,regen-v2,637c6b535a9e,unknown,greenhouse-regen:v1,rollout,96.0,rh,9.059079558268188,7.147351628485982,,0.0,20.0,confirmatory,0.0,418524381.0,5760.0
,,,,,,,,,,,,,,,,,,,,,,,,,,,,,replay,replay_lowthr,,0,2020,,regen-v2,637c6b535a9e,unknown,greenhouse-regen:v1,rollout,96.0,rh,8.42753096115891,6.595629635556304,,0.0,20.0,lowthr,0.0392775884691845,4124342315.0,5760.0
5760.0,2.880233566469175,18.02196723847357,15.141733672004396,7.712638551995731,2.655248741288678,4.773846378719988,732142.4190629888,85.69598391106368,15.91282126239996,8.850829137628926,73.50694444444444,1526.0,2534.833863258362,100.0,0.0,0.0,69.39236111111111,1763.0,4134.082801818848,3289.0,2636.799505215365,548.7179748109432,1966.8509195605288,738.6397513229311,15.0,5760.0,1.0,False,horizon,h=12,12.0,1,2020,4262.8,regen-v2,637c6b535a9e,unknown,greenhouse-regen:v1,,,,,,,,,,,,
5760.0,2.760928107143036,18.003128803742328,15.242200696599296,7.471347121959837,2.6215393030846057,5.14931427155485,731377.1076520322,83.01496802177597,17.164380905182835,8.738464343615354,80.45138888888889,1126.0,1816.628026008606,100.0,0.0,0.0,69.73958333333333,1743.0,3991.2106323242183,2869.0,2554.30670667054,591.8752037523865,1941.880965061604,706.9715557290682,78.0,5760.0,1.0,False,horizon,h=20,20.0,1,2020,6958.9,regen-v2,637c6b535a9e,unknown,greenhouse-regen:v1,,,,,,,,,,,,
3740.0,0.3326814685491954,12.040352624610264,11.707671156061068,5.4023911040030725,1.6094939193921314,4.695786132665866,489139.325374792,60.02656782225636,15.652620442219554,5.364979731307105,74.67914438502675,947.0,1913.3349533081052,100.0,0.0,0.0,70.42780748663101,1106.0,2622.466651916504,2053.0,1846.97131746018,539.7455326068768,1192.217717646134,442.4912521735233,100.0,5760.0,0.6493,True,horizon,h=48,48.0,1,2020,10707.7,regen-v2,637c6b535a9e,unknown,greenhouse-regen:v1,,,,,,,,,,,,
3542.0,-1.2019120059584625,11.479982290390865,12.681894296349324,5.517344175652403,1.5989738621524734,5.56557625854445,466374.2805471289,61.3038241739156,18.551920861814835,5.329912873841578,68.21005081874647,1126.0,2181.3318004608154,100.0,0.0,0.0,70.4404291360813,1047.0,2514.2243843078613,2173.0,1886.271512122304,639.7214087666508,1184.425083063951,466.5885260559837,100.0,5760.0,0.6149,True,horizon,h=96,96.0,1,2020,18518.0,regen-v2,637c6b535a9e,unknown,greenhouse-regen:v1,,,,,,,,,,,,
,,,,,,,,,,,,,,,,,,,,,,,,,,,,,replay,replay_confirmatory,,1,2020,,regen-v2,637c6b535a9e,unknown,greenhouse-regen:v1,rollout,96.0,rh,9.337735388623306,7.608335631191319,,0.0,20.0,confirmatory,0.0,56809052.0,5760.0
,,,,,,,,,,,,,,,,,,,,,,,,,,,,,replay,replay_lowthr,,1,2020,,regen-v2,637c6b535a9e,unknown,greenhouse-regen:v1,rollout,96.0,rh,8.025586835906829,6.362266035394706,,0.0,20.0,lowthr,0.0376178848223028,2804785410.0,5760.0
,,,,,,,,,,,,,,,,,,,,,,,,,,,,,replay,replay_confirmatory,,10,2020,,regen-v2,637c6b535a9e,unknown,greenhouse-regen:v1,rollout,96.0,rh,8.572565314205672,6.782771742505215,,0.0,20.0,confirmatory,0.0,3514091590.0,5760.0
,,,,,,,,,,,,,,,,,,,,,,,,,,,,,replay,replay_lowthr,,10,2020,,regen-v2,637c6b535a9e,unknown,greenhouse-regen:v1,rollout,96.0,rh,8.320691224394514,6.471456878209168,,0.0,20.0,lowthr,0.0312329091819717,4016650870.0,5760.0
,,,,,,,,,,,,,,,,,,,,,,,,,,,,,replay,replay_confirmatory,,11,2020,,regen-v2,637c6b535a9e,unknown,greenhouse-regen:v1,rollout,96.0,rh,9.220313706295888,7.102874004753458,,0.0,20.0,confirmatory,0.0,118137717.0,5760.0
,,,,,,,,,,,,,,,,,,,,,,,,,,,,,replay,replay_lowthr,,11,2020,,regen-v2,637c6b535a9e,unknown,greenhouse-regen:v1,rollout,96.0,rh,8.899448464359418,6.7695457537806325,,0.0,20.0,lowthr,0.0359217418772368,1134734204.0,5760.0
,,,,,,,,,,,,,,,,,,,,,,,,,,,,,replay,replay_confirmatory,,12,2020,,regen-v2,637c6b535a9e,unknown,greenhouse-regen:v1,rollout,96.0,rh,8.641156459356184,6.897780580552922,,0.0,20.0,confirmatory,0.0,2620518588.0,5760.0
,,,,,,,,,,,,,,,,,,,,,,,,,,,,,replay,replay_lowthr,,12,2020,,regen-v2,637c6b535a9e,unknown,greenhouse-regen:v1,rollout,96.0,rh,8.245036510425566,6.423912047406329,,0.0,20.0,lowthr,0.0399524300859214,3889291081.0,5760.0
,,,,,,,,,,,,,,,,,,,,,,,,,,,,,replay,replay_confirmatory,,13,2020,,regen-v2,637c6b535a9e,unknown,greenhouse-regen:v1,rollout,96.0,rh,8.479700142791277,6.81507780419854,,0.0,20.0,confirmatory,0.0740162127887034,3703764477.0,5760.0
,,,,,,,,,,,,,,,,,,,,,,,,,,,,,replay,replay_lowthr,,13,2020,,regen-v2,637c6b535a9e,unknown,greenhouse-regen:v1,rollout,96.0,rh,8.021651761031107,6.335029314419831,,0.0,20.0,lowthr,0.0585704885551467,1661634008.0,5760.0
,,,,,,,,,,,,,,,,,,,,,,,,,,,,,replay,replay_confirmatory,,14,2020,,regen-v2,637c6b535a9e,unknown,greenhouse-regen:v1,rollout,96.0,rh,8.51206116197361,6.877963346530223,,0.0,20.0,confirmatory,0.0,4089708578.0,5760.0
,,,,,,,,,,,,,,,,,,,,,,,,,,,,,replay,replay_lowthr,,14,2020,,regen-v2,637c6b535a9e,unknown,greenhouse-regen:v1,rollout,96.0,rh,8.293715126629404,6.511980746830181,,0.0,20.0,lowthr,0.0372925395771292,2880715498.0,5760.0
,,,,,,,,,,,,,,,,,,,,,,,,,,,,,replay,replay_confirmatory,,15,2020,,regen-v2,637c6b535a9e,unknown,greenhouse-regen:v1,rollout,96.0,rh,9.044440536064814,7.221105731359611,,0.0,20.0,confirmatory,0.0,3847051388.0,5760.0
,,,,,,,,,,,,,,,,,,,,,,,,,,,,,replay,replay_lowthr,,15,2020,,regen-v2,637c6b535a9e,unknown,greenhouse-regen:v1,rollout,96.0,rh,8.543720864979248,6.781410152803949,,0.0,20.0,lowthr,0.0325898878612069,883814690.0,5760.0
,,,,,,,,,,,,,,,,,,,,,,,,,,,,,replay,replay_confirmatory,,16,2020,,regen-v2,637c6b535a9e,unknown,greenhouse-regen:v1,rollout,96.0,rh,8.699011933969325,6.960928356273296,,0.0,20.0,confirmatory,0.0,3207005022.0,5760.0
,,,,,,,,,,,,,,,,,,,,,,,,,,,,,replay,replay_lowthr,,16,2020,,regen-v2,637c6b535a9e,unknown,greenhouse-regen:v1,rollout,96.0,rh,8.531564675713383,6.8425927433797735,,0.0,20.0,lowthr,0.0305840677665614,4282964902.0,5760.0
,,,,,,,,,,,,,,,,,,,,,,,,,,,,,replay,replay_confirmatory,,17,2020,,regen-v2,637c6b535a9e,unknown,greenhouse-regen:v1,rollout,96.0,rh,8.986881087829257,7.15412141235469,,0.0,20.0,confirmatory,0.0,246107914.0,5760.0
,,,,,,,,,,,,,,,,,,,,,,,,,,,,,replay,replay_lowthr,,17,2020,,regen-v2,637c6b535a9e,unknown,greenhouse-regen:v1,rollout,96.0,rh,8.392640529518479,6.564657455029177,,0.0,20.0,lowthr,0.0399544161865974,2479374571.0,5760.0
,,,,,,,,,,,,,,,,,,,,,,,,,,,,,replay,replay_confirmatory,,18,2020,,regen-v2,637c6b535a9e,unknown,greenhouse-regen:v1,rollout,96.0,rh,8.961085824277259,7.224950239023405,,0.0,20.0,confirmatory,0.0,620726115.0,5760.0
,,,,,,,,,,,,,,,,,,,,,,,,,,,,,replay,replay_lowthr,,18,2020,,regen-v2,637c6b535a9e,unknown,greenhouse-regen:v1,rollout,96.0,rh,8.226009127626124,6.519935895867203,,0.0,20.0,lowthr,0.0314408759048236,2996787258.0,5760.0
,,,,,,,,,,,,,,,,,,,,,,,,,,,,,replay,replay_confirmatory,,19,2020,,regen-v2,637c6b535a9e,unknown,greenhouse-regen:v1,rollout,96.0,rh,10.741387012253124,8.392183058927863,,0.0,20.0,confirmatory,0.0581229763253284,3747979278.0,5760.0
,,,,,,,,,,,,,,,,,,,,,,,,,,,,,replay,replay_lowthr,,19,2020,,regen-v2,637c6b535a9e,unknown,greenhouse-regen:v1,rollout,96.0,rh,8.576192291024077,6.619886967448769,,0.0,20.0,lowthr,0.0492884264789444,1519259795.0,5760.0
5760.0,2.9060299595184538,18.01890342903692,15.112873469518464,7.679688308647336,2.664534657307101,4.768650503564028,732017.9518046249,85.3298700960815,15.89550167854676,8.881782191023671,74.0625,1494.0,2446.116859436035,100.0,0.0,0.0,69.34027777777779,1766.0,4156.366451263428,3260.0,2625.534463472017,548.1207468983857,1973.7293751118216,742.7327609335678,11.0,5760.0,1.0,False,horizon,h=12,12.0,2,2020,4828.0,regen-v2,637c6b535a9e,unknown,greenhouse-regen:v1,,,,,,,,,,,,
5760.0,2.7498578375567724,18.102437548498397,15.35257971094162,7.558688664420188,2.609669103495364,5.184221943026068,735411.5254077472,83.98542960466877,17.280739810086892,8.698897011651212,80.59027777777777,1118.0,1779.8812952041626,100.0,0.0,0.0,69.67013888888889,1747.0,4007.467678070069,2865.0,2584.167063547952,595.8875787329366,1933.088223415879,709.2322122221034,67.0,5760.0,1.0,False,horizon,h=20,20.0,2,2020,7931.1,regen-v2,637c6b535a9e,unknown,greenhouse-regen:v1,,,,,,,,,,,,
3685.0,0.195118992938722,11.795205277230217,11.600086284291493,5.381701615107071,1.5752477768594444,4.643136892324978,479180.2143874775,59.79668461230079,15.477122974416591,5.250825922864815,75.41383989145183,906.0,1771.5423307418823,100.0,0.0,0.0,70.47489823609226,1088.0,2523.944694519043,1994.0,1839.89798553822,533.6938962441293,1166.8502041244724,435.08792663727695,100.0,5760.0,0.6398,True,horizon,h=48,48.0,2,2020,12345.1,regen-v2,637c6b535a9e,unknown,greenhouse-regen:v1,,,,,,,,,,,,
3532.0,-1.032288561573248,11.470311525025966,12.502600086599212,5.429854825149546,1.605320869977974,5.467424391471695,465981.4057041799,60.3317202794394,18.22474797157232,5.351069566593247,68.54473386183464,1111.0,2243.842998981476,100.0,0.0,0.0,70.0736126840317,1057.0,2599.908157348633,2168.0,1856.3606226421336,628.4395852977482,1189.126570874666,467.0447238279306,100.0,5760.0,0.6132,True,horizon,h=96,96.0,2,2020,20185.0,regen-v2,637c6b535a9e,unknown,greenhouse-regen:v1,,,,,,,,,,,,
,,,,,,,,,,,,,,,,,,,,,,,,,,,,,replay,replay_confirmatory,,2,2020,,regen-v2,637c6b535a9e,unknown,greenhouse-regen:v1,rollout,96.0,rh,9.168163428376358,7.236054979741123,,0.0,20.0,confirmatory,0.0,1712067057.0,5760.0
,,,,,,,,,,,,,,,,,,,,,,,,,,,,,replay,replay_lowthr,,2,2020,,regen-v2,637c6b535a9e,unknown,greenhouse-regen:v1,rollout,96.0,rh,8.450888882339939,6.495666350534291,,0.0,20.0,lowthr,0.042042231500708,288255471.0,5760.0
5760.0,2.916048290715694,18.001299901192866,15.085251610477172,7.639564842298273,2.641255976059874,4.804430792119023,731302.8084859601,84.88405380331415,16.01476930706341,8.804186586866248,73.99305555555556,1498.0,2433.228183746338,100.0,0.0,0.0,68.83680555555556,1795.0,4221.119426727295,3293.0,2611.817040249304,552.2334244031379,1956.4859067901068,737.7862455134833,16.0,5760.0,1.0,False,horizon,h=12,12.0,3,2020,4393.3,regen-v2,637c6b535a9e,unknown,greenhouse-regen:v1,,,,,,,,,,,,
5760.0,2.767978326671838,18.06709844627768,15.299120119605837,7.4824184056886995,2.6173077666602933,5.199393947256844,733975.8743800306,83.13798228543,17.331313157522814,8.724359222200977,80.83333333333333,1104.0,1749.6370372772217,100.0,0.0,0.0,69.91319444444444,1733.0,3977.1311416625977,2837.0,2558.0917626538376,597.6314876869144,1938.746494002188,710.9351751625284,73.0,5760.0,1.0,False,horizon,h=20,20.0,3,2020,7171.8,regen-v2,637c6b535a9e,unknown,greenhouse-regen:v1,,,,,,,,,,,,
3742.0,0.3110792272222292,12.068848170381678,11.757768943159448,5.407456067976758,1.6081955390322935,4.742117336150398,490296.9569217557,60.08284519974176,15.807057787167992,5.360651796774312,74.79957242116515,943.0,1865.6629123687744,100.0,0.0,0.0,70.95136290753608,1087.0,2499.06404876709,2030.0,1848.702929247897,545.0709589409065,1191.2559545517993,442.9053384391236,100.0,5760.0,0.6497,True,horizon,h=48,48.0,3,2020,10823.6,regen-v2,637c6b535a9e,unknown,greenhouse-regen:v1,,,,,,,,,,,,
3539.0,-0.8790039449058925,11.583557223999184,12.462561168905074,5.436196524000001,1.6148693221578476,5.411495322747227,470582.0122249668,60.402183600000015,18.03831774249076,5.382897740526159,68.94602995196382,1099.0,2200.666917800904,100.0,0.0,0.0,69.36987849675049,1084.0,2463.3032875061035,2183.0,1858.5287243615423,622.0109561956617,1196.199497740373,460.5073638891997,100.0,5760.0,0.6144,True,horizon,h=96,96.0,3,2020,19107.7,regen-v2,637c6b535a9e,unknown,greenhouse-regen:v1,,,,,,,,,,,,
,,,,,,,,,,,,,,,,,,,,,,,,,,,,,replay,replay_confirmatory,,3,2020,,regen-v2,637c6b535a9e,unknown,greenhouse-regen:v1,rollout,96.0,rh,8.393337985565317,6.740145509910961,,0.0,20.0,confirmatory,0.0,4174263774.0,5760.0
,,,,,,,,,,,,,,,,,,,,,,,,,,,,,replay,replay_lowthr,,3,2020,,regen-v2,637c6b535a9e,unknown,greenhouse-regen:v1,rollout,96.0,rh,8.385433824929805,6.594383137425882,,0.0,20.0,lowthr,0.0311407240561425,1197778244.0,5760.0
5760.0,2.837532818296048,17.973109633904418,15.13557681560837,7.802554798107947,2.622184844135794,4.710837173364629,730157.578877367,86.69505331231052,15.702790577882098,8.740616147119313,73.38541666666667,1533.0,2545.1401681900024,100.0,0.0,0.0,69.39236111111111,1763.0,4198.688751220703,3296.0,2667.5401022547394,541.4755371435538,1942.35914292808,756.308328589815,18.0,5760.0,1.0,False,horizon,h=12,12.0,4,2020,4395.2,regen-v2,637c6b535a9e,unknown,greenhouse-regen:v1,,,,,,,,,,,,
5760.0,2.7835920799855205,18.10466995505269,15.321077875067171,7.494500090110854,2.5976355947995438,5.228942190156776,735502.2169240157,83.27222322345393,17.429807300522587,8.658785315998479,81.05902777777779,1091.0,1732.1125621795654,100.0,0.0,0.0,70.15625,1719.0,3942.217834472656,2810.0,2562.2222511962027,601.0278383254122,1924.1745148753455,712.3584761117102,72.0,5760.0,1.0,False,horizon,h=20,20.0,4,2020,7289.5,regen-v2,637c6b535a9e,unknown,greenhouse-regen:v1,,,,,,,,,,,,
3745.0,0.2493018832157866,12.126273140446395,11.87697125723061,5.383336399854302,1.6186924741699618,4.874942383206347,492629.8463306349,59.81484888727002,16.24980794402116,5.395641580566539,73.45794392523365,994.0,1924.8933792114256,100.0,0.0,0.0,71.18825100133512,1079.0,2666.258617401123,2073.0,1840.4568860286945,560.338204960384,1199.0314634915385,439.550071007841,100.0,5760.0,0.6502,True,horizon,h=48,48.0,4,2020,10598.6,regen-v2,637c6b535a9e,unknown,greenhouse-regen:v1,,,,,,,,,,,,
3542.0,-0.9759087941098196,11.499139435966208,12.475048230076029,5.47555947685875,1.6036197449638094,5.395869008253467,467152.5395861272,60.83954974287501,17.986230027511557,5.345399149879365,68.1253529079616,1129.0,2220.9365406036377,100.0,0.0,0.0,71.00508187464709,1027.0,2505.931468963623,2156.0,1871.9861445281392,620.21482900512,1187.86647799799,461.6328480887945,100.0,5760.0,0.6149,True,horizon,h=96,96.0,4,2020,18548.2,regen-v2,637c6b535a9e,unknown,greenhouse-regen:v1,,,,,,,,,,,,
,,,,,,,,,,,,,,,,,,,,,,,,,,,,,replay,replay_confirmatory,,4,2020,,regen-v2,637c6b535a9e,unknown,greenhouse-regen:v1,rollout,96.0,rh,10.711635469839749,8.880811807229891,,0.0,20.0,confirmatory,0.0,3155591308.0,5760.0
,,,,,,,,,,,,,,,,,,,,,,,,,,,,,replay,replay_lowthr,,4,2020,,regen-v2,637c6b535a9e,unknown,greenhouse-regen:v1,rollout,96.0,rh,8.714974901227682,6.915002935630463,,0.0,20.0,lowthr,0.0358029765018551,3842449293.0,5760.0
,,,,,,,,,,,,,,,,,,,,,,,,,,,,,replay,replay_confirmatory,,5,2020,,regen-v2,637c6b535a9e,unknown,greenhouse-regen:v1,rollout,96.0,rh,9.527619736248411,7.606792698541428,,0.0,20.0,confirmatory,0.0,3929851121.0,5760.0
,,,,,,,,,,,,,,,,,,,,,,,,,,,,,replay,replay_lowthr,,5,2020,,regen-v2,637c6b535a9e,unknown,greenhouse-regen:v1,rollout,96.0,rh,8.305611986641924,6.575465028534523,,0.0,20.0,lowthr,0.0422764823499021,731149643.0,5760.0
,,,,,,,,,,,,,,,,,,,,,,,,,,,,,replay,replay_confirmatory,,6,2020,,regen-v2,637c6b535a9e,unknown,greenhouse-regen:v1,rollout,96.0,rh,9.972714920325638,7.906775667191898,,0.0,20.0,confirmatory,0.0,1990158916.0,5760.0
,,,,,,,,,,,,,,,,,,,,,,,,,,,,,replay,replay_lowthr,,6,2020,,regen-v2,637c6b535a9e,unknown,greenhouse-regen:v1,rollout,96.0,rh,8.273235387149782,6.369225843449857,,0.0,20.0,lowthr,0.0418163133389671,1276074930.0,5760.0
,,,,,,,,,,,,,,,,,,,,,,,,,,,,,replay,replay_confirmatory,,7,2020,,regen-v2,637c6b535a9e,unknown,greenhouse-regen:v1,rollout,96.0,rh,8.578271723168141,6.847852595068071,,0.0,20.0,confirmatory,0.0598226986535135,1224499046.0,5760.0
,,,,,,,,,,,,,,,,,,,,,,,,,,,,,replay,replay_lowthr,,7,2020,,regen-v2,637c6b535a9e,unknown,greenhouse-regen:v1,rollout,96.0,rh,7.899583842127046,6.239745148197147,,0.0,20.0,lowthr,0.0548005365619305,1378532050.0,5760.0
,,,,,,,,,,,,,,,,,,,,,,,,,,,,,replay,replay_confirmatory,,8,2020,,regen-v2,637c6b535a9e,unknown,greenhouse-regen:v1,rollout,96.0,rh,9.031888511024516,7.060043202484553,,0.0,20.0,confirmatory,0.0,3702642371.0,5760.0
,,,,,,,,,,,,,,,,,,,,,,,,,,,,,replay,replay_lowthr,,8,2020,,regen-v2,637c6b535a9e,unknown,greenhouse-regen:v1,rollout,96.0,rh,8.202697594913957,6.416138272581719,,0.0,20.0,lowthr,0.0382594535237578,261805398.0,5760.0
,,,,,,,,,,,,,,,,,,,,,,,,,,,,,replay,replay_confirmatory,,9,2020,,regen-v2,637c6b535a9e,unknown,greenhouse-regen:v1,rollout,96.0,rh,8.560297534952957,6.955829935139379,,0.0,20.0,confirmatory,0.0,1308943729.0,5760.0
,,,,,,,,,,,,,,,,,,,,,,,,,,,,,replay,replay_lowthr,,9,2020,,regen-v2,637c6b535a9e,unknown,greenhouse-regen:v1,rollout,96.0,rh,8.112434693306321,6.383545064746991,,0.0,20.0,lowthr,0.0260369336231391,1681742920.0,5760.0
