steps,epi,revenue,cost_total,cost_heat,cost_co2,cost_elec,fruit_dm_growth,energy_heat_kwh_m2,energy_elec_kwh_m2,co2_kg_m2,t_in_in_corridor_pct,t_in_violation_steps,t_in_violation_area,co2_in_corridor_pct,co2_violation_steps,co2_violation_area,rh_in_corridor_pct,rh_violation_steps,rh_violation_area,violation_steps_total,boiler_sum,lamp_sum,co2_injection_sum,vent_sum,solver_failures,steps_expected,season_fraction,truncated,solver_aborted,stop_reason,block,condition,mode,seed,draw,test_year,secs,regen_id,config_hash,git_sha,image
5760,-2.414955100124406,7.139806934182485,9.55476203430689,7.309138347501722,2.1149276226794216,0.1306960641257465,290054.65670116345,81.2126483055747,0.43565354708582166,7.049758742264739,56.47569444444444,2507,3726.821413669735,99.0625,54,72384.63208007812,71.00694444444444,1670,2200.8397521972656,4231,2498.8507172904806,15.022536037765983,1566.6130538184875,1383.1080665433824,0,5760,1.0,False,False,complete,adapt,static,static,8,0,2021,88.5,regen-v2,637c6b535a9e,f8f1aef,local
5760,-2.396110615392871,7.2166769079540405,9.612787523346912,7.6132872292551514,1.9685315889552453,0.0309687051365152,293177.4993856329,84.59208032505724,0.10322901712171734,6.561771963184151,70.78125,1683,1384.4016733169556,99.375,36,31298.70166015625,61.892361111111114,2195,2773.5200576782227,3914,2602.8332403963486,3.5596213136558377,1458.1715485542436,1446.82402961465,0,5760,1.0,False,False,complete,adapt,dagger,dagger,8,0,2021,88.0,regen-v2,637c6b535a9e,f8f1aef,local
5760,-4.148406130910625,8.772525797533184,12.92093192844381,6.992413233917846,4.918510106422444,1.01000858810352,356383.86052478565,77.69348037686495,3.3666952936784,16.395033688074815,92.11805555555556,454,310.30622005462646,47.083333333333336,3048,5384899.234985352,43.645833333333336,3246,3971.538154602051,6748,2390.568626503822,116.09294140346162,3643.3408191438925,902.6734254105485,0,5760,1.0,False,False,complete,adapt,ekf,ekf,8,0,2021,90.5,regen-v2,637c6b535a9e,f8f1aef,local
5760,0.03844207777259889,8.778733164695645,8.740291086923044,6.162362693329912,2.4795168094984072,0.09841158409472556,356636.0348157605,68.47069659255457,0.3280386136490852,8.265056031661357,59.583333333333336,2328,3810.35613155365,98.68055555555556,76,50200.0439453125,76.12847222222221,1375,1793.3216094970703,3779,2106.790663480321,11.311676333684996,1836.6791181648778,1339.1309714625222,0,5760,1.0,False,False,complete,adapt,static,static,8,0,2022,89.7,regen-v2,637c6b535a9e,f8f1aef,local
5760,5.884065980916365,14.655660425051138,8.771594444134774,6.394586934722282,2.377007509412491,0.0,595386.2047677025,71.0509659413587,0.0,7.923358364708304,80.12152777777779,1145,839.7363986968994,100.0,0,0.0,64.93055555555556,2020,3003.2777709960938,3165,2186.183568075953,0.0,1760.7463040539183,1410.786583195119,0,5760,1.0,False,False,complete,adapt,dagger,dagger,8,0,2022,96.6,regen-v2,637c6b535a9e,f8f1aef,local
5760,2.5045138100229964,12.53586977291742,10.031355962894427,7.417388621998274,1.969670545640389,0.6442967952557623,509269.70952477027,82.41542913331416,2.1476559841858744,6.5655684854679635,83.59375,945,839.7913541793823,84.58333333333333,888,1804365.6833496094,61.857638888888886,2197,3552.313705444336,4030,2535.8593568832393,74.0571027889657,1459.0152189796656,971.3849598485625,0,5760,1.0,False,False,complete,adapt,ekf,ekf,8,0,2022,88.5,regen-v2,637c6b535a9e,f8f1aef,local
5760,3.972911084352212,12.891074906215849,8.918163821863637,5.900567439340882,3.0175963825227545,0.0,523699.91806501884,65.56186043712091,0.0,10.058654608409181,58.54166666666667,2388,2663.9489698410034,100.0,0,0.0,67.93402777777777,1847,2235.2452354431152,4235,2017.2880142665292,0.0,2235.256579376082,1757.4861491092977,0,5760,1.0,False,False,complete,adapt,static,static,8,0,2023,96.6,regen-v2,637c6b535a9e,f8f1aef,local
5760,1.2760720396290883,10.077960782015081,8.801888742385993,6.244454400755666,2.557318653063556,0.00011568856677040458,409417.1567693627,69.38282667506296,0.0003856285559013486,8.524395510211853,76.45833333333333,1356,1032.5409049987793,100.0,0,0.0,56.458333333333336,2508,3172.7447204589844,3864,2134.856205036189,0.013297536371866207,1894.3101130784935,1790.7034950210564,0,5760,1.0,False,False,complete,adapt,dagger,dagger,8,0,2023,85.5,regen-v2,637c6b535a9e,f8f1aef,local
5760,-5.717872668071324,2.85186673453401,8.569739402605334,5.612621292102927,2.832877205757266,0.12424090474514189,115857.08609044415,62.36245880114363,0.414136349150473,9.442924019190889,96.89236111111111,179,157.22345352172852,73.125,1548,4154112.525390625,56.14583333333333,2526,4308.371692657471,4253,1918.8448861792915,14.280563783609024,2098.4275601796853,582.2645104015528,0,5760,1.0,False,False,complete,adapt,ekf,ekf,8,0,2023,90.7,regen-v2,637c6b535a9e,f8f1aef,local
5760,-2.2895784138013675,7.110507068365218,9.400085482166585,7.197551214627437,2.0520439895193916,0.15049027801975606,288864.34965233697,79.9727912736382,0.5016342600658535,6.840146631731305,59.27083333333333,2346,3911.0162758231163,99.27083333333333,42,55983.042724609375,63.03819444444444,2129,2948.1052474975586,4517,2460.701270780462,17.297733121611802,1520.0325857595353,1421.932653356255,0,5760,1.0,False,False,complete,adapt,static,static,8,1,2021,84.5,regen-v2,637c6b535a9e,f8f1aef,local
5760,-2.094044224510908,7.670239313446278,9.764283537957185,7.466613800026606,2.2680882104266282,0.029581527503952383,311603.472108755,82.96237555585118,0.09860509167984129,7.560294034755428,67.48263888888889,1873,1495.6730289459229,99.34027777777777,38,31526.380859375,66.52777777777777,1928,2462.4761352539062,3839,2552.688479202662,3.4001755879637416,1680.0653405680011,1380.9253590479964,0,5760,1.0,False,False,complete,adapt,dagger,dagger,8,1,2021,80.0,regen-v2,637c6b535a9e,f8f1aef,local
5760,-1.0432611614059268,10.41136635108521,11.454627512491136,7.51249211517916,3.0162527954189935,0.9258826018929829,422961.7580128366,83.47213461310179,3.0862753396432763,10.054175984729978,91.40625,495,345.7365188598633,85.86805555555556,814,1585028.4871826172,42.604166666666664,3306,5013.942161560059,4615,2568.3733722349975,106.42328728694896,2234.261328502602,843.5318367962557,0,5760,1.0,False,False,complete,adapt,ekf,ekf,8,1,2021,77.6,regen-v2,637c6b535a9e,f8f1aef,local
5760,0.10278780363925022,8.812923854374198,8.710136050734945,6.177019880433639,2.430207647366468,0.10290852293483913,358025.0315839517,68.63355422704043,0.3430284097827971,8.100692157888227,61.892361111111114,2195,4011.967966079712,98.48958333333333,87,65578.66149902344,70.34722222222223,1708,2294.475727081299,3990,2111.801668079969,11.828565779286304,1800.1538119310385,1393.4739872603116,0,5760,1.0,False,False,complete,adapt,static,static,8,1,2022,81.0,regen-v2,637c6b535a9e,f8f1aef,local
5760,6.05398680474043,14.9864452079809,8.932458403240469,6.289012033417958,2.6434463698225112,0.0,608824.336574224,69.87791148242175,0.0,8.811487899408371,74.73958333333334,1455,1072.5163412094116,100.0,0,0.0,71.45833333333333,1644,2094.8079948425293,3099,2150.0895841282145,0.0,1958.108422200763,1351.1524215476418,0,5760,1.0,False,False,complete,adapt,dagger,dagger,8,1,2022,86.0,regen-v2,637c6b535a9e,f8f1aef,local
5760,3.361996279984168,13.13027595732147,9.768279677337302,7.1237226841941315,1.9695455817484078,0.6750114113947634,533417.4607661847,79.15247426882368,2.2500380379825446,6.5651519391613595,82.95138888888889,982,831.1657781600952,87.51736111111111,719,1279966.7341308594,54.826388888888886,2602,4289.075958251953,4303,2435.460746880085,77.58751850451515,1458.922653278611,1082.1195788963269,0,5760,1.0,False,False,complete,adapt,ekf,ekf,8,1,2022,82.0,regen-v2,637c6b535a9e,f8f1aef,local
5760,-1.2200530539556655,7.488250387678639,8.708303441634305,5.934468398141469,2.770871685387675,0.002963358105160296,304210.1719994447,65.93853775712743,0.00987786035053432,9.23623895129225,60.05208333333333,2301,3028.1576023101807,100.0,0,0.0,62.27430555555556,2173,2704.949520111084,4474,2028.8780849965083,0.3406158768381121,2052.4975439212585,1779.922602314306,0,5760,1.0,False,False,complete,adapt,static,static,8,1,2023,76.8,regen-v2,637c6b535a9e,f8f1aef,local
5760,1.152039299801365,10.295852659897548,9.143813360096182,6.114815667751326,3.0288472514394273,0.00015044090542942287,418269.0143083379,67.94239630834808,0.0005014696847647429,10.096157504798091,70.36458333333333,1707,1270.3367109298706,100.0,0,0.0,65.22569444444444,2003,2415.674102783203,3710,2090.5352710833963,0.017292058978942815,2243.590556499383,1716.6222932683645,0,5760,1.0,False,False,complete,adapt,dagger,dagger,8,1,2023,78.0,regen-v2,637c6b535a9e,f8f1aef,local
5319,-4.9027552672966666,2.594200887054315,7.496956154350982,5.354380061651447,1.9268800423745238,0.21569605032500966,105389.41103658156,59.493111796127195,0.7189868344166989,6.422933474581746,98.60876104530927,74,142.16605377197266,89.88531678887009,538,1088341.626586914,55.44275239706712,2370,3317.776565551758,2982,1830.557285614982,24.792649371010082,1427.3185492311597,582.8838937138432,0,5760,0.9234,True,False,env_terminated,adapt,ekf,ekf,8,1,2023,81.7,regen-v2,637c6b535a9e,f8f1aef,local
5760,-2.383535272694137,7.141293219352294,9.524828492046431,7.2049385167891415,2.1532275027015024,0.1666624725557864,290115.03703618696,80.05487240876825,0.5555415751859547,7.177425009005009,54.80902777777777,2603,4002.813903884962,99.07986111111111,53,88134.10668945312,68.54166666666667,1812,2455.9026489257812,4468,2463.2268442269087,19.156605914311257,1594.9833353396784,1384.2740512766281,0,5760,1.0,False,False,complete,adapt,static,static,8,2,2021,83.5,regen-v2,637c6b535a9e,f8f1aef,local
5760,-2.5178253056608417,7.257893528024752,9.775718833685595,7.621390096717526,2.1230103016625232,0.03131843530554324,294851.92457600555,84.6821121857503,0.10439478435181081,7.076701005541745,70.92013888888889,1675,1297.0054502487183,99.39236111111111,35,29536.303466796875,64.98263888888889,2017,2390.534423828125,3727,2605.603452007892,3.599820132563963,1572.600223848638,1415.4165911567482,0,5760,1.0,False,False,complete,adapt,dagger,dagger,8,2,2021,73.9,regen-v2,637c6b535a9e,f8f1aef,local
5760,-1.9870479405049366,10.168687676912006,12.155735617416942,7.312720438913864,3.862794196777581,0.9802209817254982,413102.93687455024,81.25244932126516,3.2674032724183273,12.87598065592527,93.00347222222223,403,274.2579698562622,73.26388888888889,1540,2806389.227783203,40.625,3420,4973.882186889648,5363,2500.075365385875,112.66907841919272,2861.329033358294,826.0491959476865,0,5760,1.0,False,False,complete,adapt,ekf,ekf,8,2,2021,76.6,regen-v2,637c6b535a9e,f8f1aef,local
5760,0.1124393357681045,8.831601040161406,8.719161704393299,6.00502205993155,2.5609395999339135,0.15320004452783614,358783.79225655703,66.72246733257278,0.5106668150927872,8.536465333113046,57.15277777777777,2468,4319.322062492371,96.89236111111111,179,103322.97033691406,74.84375,1449,1920.2069549560547,4096,2052.9989932866456,17.609200519347297,1896.9922949967427,1323.576564540498,0,5760,1.0,False,False,complete,adapt,static,static,8,2,2022,79.2,regen-v2,637c6b535a9e,f8f1aef,local
5760,5.696218285868054,14.716175711291237,9.019957425423183,6.460732629755855,2.5592247956673293,0.0,597844.6382712065,71.78591810839839,0.0,8.530749318891099,80.10416666666667,1146,799.4343843460083,100.0,0,0.0,66.84027777777779,1910,2466.78706741333,3056,2208.7974797774687,0.0,1895.722070641158,1391.7002674153389,0,5760,1.0,False,False,complete,adapt,dagger,dagger,8,2,2022,85.9,regen-v2,637c6b535a9e,f8f1aef,local
4458,-8.37049608740353,1.9489269791893409,10.319423066592872,5.197163746731795,2.8705203491446074,2.2517389707164686,79175.15852956698,57.7462638525755,7.505796569054896,9.56840116381536,79.1161956034096,931,791.1854400634766,52.243158366980715,2129,8711837.3203125,75.61686855091969,1087,1183.9439697265625,4147,1776.8081196428027,258.8205711702316,2126.3113693455316,541.2699047495008,0,5760,0.774,True,False,env_terminated,adapt,ekf,ekf,8,2,2022,58.1,regen-v2,637c6b535a9e,f8f1aef,local
5760,4.054922255930833,12.932695573464219,8.877773317533386,5.830246221403881,3.047527096129505,0.0,525390.7576719839,64.78051357115423,0.0,10.158423653765016,57.795138888888886,2431,2816.5205574035645,100.0,0,0.0,66.04166666666667,1956,2422.4221000671387,4387,1993.2465708519665,0.0,2257.427477553831,1748.4691751042913,0,5760,1.0,False,False,complete,adapt,static,static,8,2,2023,97.3,regen-v2,637c6b535a9e,f8f1aef,local
5760,1.0910544417275387,10.176866296761126,9.085811855033587,6.218474008571418,2.8672009620222467,0.0001368844399228692,413435.19330592075,69.09415565079354,0.000456281466409564,9.557336540074155,75.55555555555556,1408,1032.077823638916,100.0,0,0.0,62.06597222222222,2185,2563.6873741149902,3593,2125.974019059027,0.015733844065825474,2123.8525649101084,1767.2232172630038,0,5760,1.0,False,False,complete,adapt,dagger,dagger,8,2,2023,87.0,regen-v2,637c6b535a9e,f8f1aef,local
5760,-0.8485041976526081,6.718661273213543,7.5671654708661515,5.797317275705662,1.609711168726795,0.16013702643369382,272945.6142243002,64.41463639672959,0.5337900881123128,5.365703895755984,97.06597222222221,169,152.01050472259521,94.63541666666667,309,584715.0007324219,32.29166666666667,3900,7436.052490234375,4378,1981.9888125202426,18.406554673179098,1192.378644535196,990.5369455713355,0,5760,1.0,False,False,complete,adapt,ekf,ekf,8,2,2023,89.7,regen-v2,637c6b535a9e,f8f1aef,local
5760,-2.450353915310692,7.0281766395186995,9.478530554829392,7.3376332561620625,2.013602576352592,0.12729472231473773,285519.6759804472,81.5292584018007,0.4243157410491258,6.712008587841973,60.364583333333336,2283,3628.804153583944,99.30555555555556,40,41271.68896484375,63.22916666666667,2118,2897.4773712158203,4441,2508.592565156465,14.631577326763956,1491.5574641980702,1439.2273814109078,0,5760,1.0,False,False,complete,adapt,static,static,8,3,2021,86.7,regen-v2,637c6b535a9e,f8f1aef,local
5760,-2.5234430978198357,7.280035928361249,9.803479026181083,7.628007367082722,2.1444041490008887,0.031067510097473862,295751.4595896757,84.75563741203024,0.10355836699157954,7.148013830002963,69.56597222222223,1753,1382.8956537246704,99.375,36,29017.086059570312,65.78125,1971,2244.310043334961,3760,2607.8657646825577,3.570978179103584,1588.4475167731011,1415.6209560794423,0,5760,1.0,False,False,complete,adapt,dagger,dagger,8,3,2021,84.7,regen-v2,637c6b535a9e,f8f1aef,local
5760,-1.7978111015625946,9.772721813578926,11.57053291514152,7.183245104313356,3.1723393132403226,1.214948497587843,397016.8236766439,79.81383449237062,4.04982832529281,10.574464377467743,91.14583333333334,510,381.6041660308838,85.60763888888889,829,1767667.4373779297,41.14583333333333,3390,5333.196762084961,4729,2455.8102934886556,139.64925242235043,2349.8809731772935,1052.0435281077343,0,5760,1.0,False,False,complete,adapt,ekf,ekf,8,3,2021,88.3,regen-v2,637c6b535a9e,f8f1aef,local
5760,0.03824188453963906,8.84065375267204,8.802411868132399,6.322726657597371,2.3872976547085742,0.09238755582645534,359151.5587023016,70.25251841774856,0.3079585194215178,7.957658849028581,63.33333333333333,2112,3635.8344287872314,98.78472222222221,70,58542.49108886719,71.07638888888889,1666,2188.6138076782227,3848,2161.6159512706495,10.619259309698277,1768.368633436768,1410.8714276492553,0,5760,1.0,False,False,complete,adapt,static,static,8,3,2022,91.2,regen-v2,637c6b535a9e,f8f1aef,local
5760,5.917612160147161,14.87217997649042,8.954567816343259,6.355866560008718,2.59870125633454,0.0,604182.3115449233,70.62073955565243,0.0,8.662337521115134,76.59722222222223,1348,958.125542640686,100.0,0,0.0,70.01736111111111,1727,2275.92964553833,3075,2172.9458328081155,0.0,1924.9638935410874,1382.7747091006936,0,5760,1.0,False,False,complete,adapt,dagger,dagger,8,3,2022,97.0,regen-v2,637c6b535a9e,f8f1aef,local
5320,1.3466083453394977,11.937077450447372,10.590469105107875,6.797682281309765,2.882698452346858,0.9100883714512518,484943.7714244245,75.52980312566406,3.033627904837506,9.608994841156195,80.33834586466165,1046,943.4627265930176,78.83458646616542,1126,4096523.3510742188,59.078947368421055,2177,3588.516914367676,4349,2323.9939417397322,104.60785916456648,2135.3321868103335,958.4881445012568,0,5760,0.9236,True,False,env_terminated,adapt,ekf,ekf,8,3,2022,79.2,regen-v2,637c6b535a9e,f8f1aef,local
5760,-1.283331293020471,7.387624312389317,8.670955605409787,5.9571092348788355,2.7122043967827087,0.001641973748244345,300122.237690816,66.19010260976484,0.00547324582748115,9.04068132260903,60.86805555555556,2254,2875.824492454529,100.0,0,0.0,61.52777777777778,2216,2775.8898315429688,4470,2036.618542965828,0.18873261571972763,2009.0402940246463,1787.4399682266858,0,5760,1.0,False,False,complete,adapt,static,static,8,3,2023,81.4,regen-v2,637c6b535a9e,f8f1aef,local
5760,1.1051459792041212,10.203211012735588,9.09806503353147,6.200085560530588,2.8978657983039726,0.00011367469690740107,414505.4473923833,68.88983956145098,0.0003789156563580036,9.659552661013242,72.32638888888889,1594,1150.1985263824463,100.0,0,0.0,64.01041666666667,2073,2432.7569885253906,3667,2119.6873698988093,0.013066057295825747,2146.5672579996863,1756.604909429288,0,5760,1.0,False,False,complete,adapt,dagger,dagger,8,3,2023,83.2,regen-v2,637c6b535a9e,f8f1aef,local
5317,-5.463497125034913,3.027542589256122,8.491039714291036,5.322918649662473,2.3316488665476394,0.8364721980809243,122993.91768852997,59.14354055180525,2.788240660269748,7.772162888492131,97.59262742147827,128,183.71273708343506,86.57137483543352,714,1970507.005859375,51.288320481474514,2590,3784.275924682617,3432,1819.8012473943893,96.14622991469763,1727.1473092055303,626.7330405628679,0,5760,0.9231,True,False,env_terminated,adapt,ekf,ekf,8,3,2023,81.3,regen-v2,637c6b535a9e,f8f1aef,local
5760,-2.2738894263199465,7.082222555875539,9.356111982195484,7.222367995060852,2.010270045336312,0.12347394179832191,287715.29133244377,80.2485332784539,0.4115798059944064,6.70090015112104,59.91319444444444,2309,3703.9772314727306,99.27083333333333,42,46805.170654296875,62.77777777777778,2144,3036.065361022949,4495,2469.1856390618586,14.19240712077802,1489.0889222244027,1405.6289153783548,0,5760,1.0,False,False,complete,adapt,static,static,8,4,2021,84.7,regen-v2,637c6b535a9e,f8f1aef,local
5760,-2.534059960821315,7.278183227848912,9.812243188670227,7.645591501497192,2.1323755960308493,0.03427609114218503,295676.193631362,84.95101668330213,0.11425363714061677,7.1079186534361645,69.91319444444444,1733,1385.6373109817505,99.32291666666667,39,35427.44836425781,63.854166666666664,2082,2437.865753173828,3854,2613.8774365121158,3.9397806179205284,1579.537478854918,1429.56805937472,0,5760,1.0,False,False,complete,adapt,dagger,dagger,8,4,2021,84.6,regen-v2,637c6b535a9e,f8f1aef,local
5760,-2.3089519645583616,9.82594527865281,12.13489724321117,7.339851257844969,3.87234844136824,0.9226975439979641,399179.0269452704,81.5539028649441,3.075658479993214,12.907828137894134,92.13541666666667,453,381.30040073394775,69.94791666666667,1731,2415464.098754883,41.52777777777778,3368,5736.594551086426,5552,2509.350855679343,106.05718881276742,2868.406253215829,870.8422644467614,0,5760,1.0,False,False,complete,adapt,ekf,ekf,8,4,2021,89.3,regen-v2,637c6b535a9e,f8f1aef,local
5760,0.19223583829616142,8.801018090265774,8.608782251969613,6.191815357572429,2.3460199123589773,0.07094698203820735,357541.3599170471,68.79794841747143,0.23648994012735783,7.820066374529925,62.88194444444445,2138,3709.3933000564575,99.02777777777779,56,26535.7783203125,69.18402777777779,1775,2599.715202331543,3969,2116.8599523705484,8.154825508296385,1737.7925284005578,1356.0676469791174,0,5760,1.0,False,False,complete,adapt,static,static,8,4,2022,86.2,regen-v2,637c6b535a9e,f8f1aef,local
5760,5.817517852291132,14.825722093719204,9.008204241428071,6.4236925018524875,2.584511739575584,0.0,602294.9600573427,71.37436113169431,0.0,8.615039131918614,78.85416666666667,1218,868.0338764190674,100.0,0,0.0,67.01388888888889,1900,2499.117919921875,3118,2196.1341878383973,0.0,1914.45313906789,1396.3905188095437,0,5760,1.0,False,False,complete,adapt,dagger,dagger,8,4,2022,94.2,regen-v2,637c6b535a9e,f8f1aef,local
5026,-4.850681338389456,4.118282764648457,8.968964103037912,5.959700485554385,2.6459798333036817,0.3632837841798462,167305.23731384357,66.21889428393762,1.2109459472661541,8.81993277767894,81.41663350577,934,759.8127870559692,64.4050935137286,1789,5517147.972167969,76.48229208117787,1182,1036.334083557129,3905,2037.5044385141719,41.75675681616435,1959.985060472602,632.7486057932493,0,5760,0.8726,True,False,env_terminated,adapt,ekf,ekf,8,4,2022,76.4,regen-v2,637c6b535a9e,f8f1aef,local
5760,-1.2269020439101863,7.459635665010099,8.686537708920286,5.944062786690773,2.7409646936148166,0.0015102286146953703,303047.6988910353,66.04514207434192,0.005034095382317901,9.136548978716055,60.06944444444444,2300,2987.618872642517,100.0,0,0.0,62.482638888888886,2161,2747.9337768554688,4461,2032.1582184330518,0.17358949522377165,2030.3442177477116,1779.224167544051,0,5760,1.0,False,False,complete,adapt,static,static,8,4,2023,80.9,regen-v2,637c6b535a9e,f8f1aef,local
5760,1.0900634390116228,10.203384508534306,9.113321069522684,6.249234270138497,2.86397434006324,0.00011245932094752787,414512.49565920624,69.4359363348722,0.0003748644031584263,9.546581133544134,73.76736111111111,1511,1107.4424085617065,100.0,0,0.0,60.43402777777778,2279,2740.383758544922,3790,2136.4903499896513,0.012926358883449425,2121.462474576362,1774.4197814424947,0,5760,1.0,False,False,complete,adapt,dagger,dagger,8,4,2023,84.0,regen-v2,637c6b535a9e,f8f1aef,local
5320,-3.6747274838226547,3.869712076637856,7.54443956046051,5.289179678067697,1.8167807342243196,0.43847914816849454,157207.0531134129,58.76866308964108,1.4615971605616485,6.055935780747732,98.45864661654136,82,135.58513927459717,90.71428571428571,494,726114.7340087891,45.037593984962406,2924,4515.371448516846,3500,1808.2665569207263,50.39990216483825,1345.763507455971,605.0854224446254,0,5760,0.9236,True,False,env_terminated,adapt,ekf,ekf,8,4,2023,82.6,regen-v2,637c6b535a9e,f8f1aef,local
5760,-2.3380132785250343,7.117199937105937,9.455213215630973,7.302476201202416,2.0266369768003303,0.126100037628226,289136.24744492874,81.13862445780462,0.42033345876075334,6.755456589334434,60.88541666666667,2253,3470.6681959033012,99.20138888888889,46,55765.27490234375,64.42708333333333,2049,2967.726791381836,4348,2496.5730613815613,14.494257153310999,1501.2125763956226,1381.2016933619489,0,5760,1.0,False,False,complete,adapt,static,static,8,5,2021,85.6,regen-v2,637c6b535a9e,f8f1aef,local
5760,-2.4835828324020928,7.263678825395467,9.74726165779756,7.6394934894944395,2.0763320821901146,0.03143608611300588,295086.95228169084,84.88326099438267,0.1047869537100196,6.921106940633716,69.6875,1746,1376.275876045227,99.39236111111111,35,29129.169799804688,64.82638888888889,2026,2390.222816467285,3807,2611.7926444858954,3.6133432174942204,1538.0237651036782,1420.8718603336986,0,5760,1.0,False,False,complete,adapt,dagger,dagger,8,5,2021,85.7,regen-v2,637c6b535a9e,f8f1aef,local
5760,-2.852286028772882,8.673368229500674,11.525654258273558,6.690871369338556,3.5346877483416224,1.3000951405933796,352355.58432346495,74.34301521487285,4.333650468644599,11.782292494472076,93.15972222222221,394,330.114501953125,68.22916666666666,1830,4215072.2216796875,42.36111111111111,3320,6211.51993560791,5544,2287.4773901558324,149.4362233019156,2618.287219929823,595.4023366759363,0,5760,1.0,False,False,complete,adapt,ekf,ekf,8,5,2021,91.8,regen-v2,637c6b535a9e,f8f1aef,local
5760,0.09144416476407435,8.812926305142753,8.72148214037868,6.299737427423858,2.371202526357645,0.050542186597175895,358025.13114642433,69.99708252693175,0.16847395532391965,7.90400842119215,63.923611111111114,2078,3365.827741622925,99.16666666666667,48,13842.541137695312,70.64236111111111,1691,2604.091075897217,3817,2153.756385994552,5.809446744061307,1756.4463147110175,1344.107676526378,0,5760,1.0,False,False,complete,adapt,static,static,8,5,2022,88.3,regen-v2,637c6b535a9e,f8f1aef,local
5760,5.862584455765754,14.798025688645549,8.935441232879796,6.4169180824202865,2.5185231504595107,0.0,601169.7936012255,71.29908980466985,0.0,8.39507716819837,78.33333333333333,1248,865.5950174331665,100.0,0,0.0,68.36805555555556,1822,2411.025115966797,3070,2193.818148427928,0.0,1865.572703754545,1391.9526744345644,0,5760,1.0,False,False,complete,adapt,dagger,dagger,8,5,2022,95.0,regen-v2,637c6b535a9e,f8f1aef,local
5760,2.0767920747898194,12.519770163570008,10.44297808878019,6.9021672288743074,3.2242194630053365,0.3165913969005469,508615.6628950316,76.6907469874923,1.0553046563351562,10.747398210017789,82.88194444444444,986,835.1192598342896,77.76041666666667,1281,4336967.138427734,64.18402777777777,2063,2426.2841567993164,4330,2359.7152929833496,36.38981562813022,2388.3107138407363,1111.609793651337,0,5760,1.0,False,False,complete,adapt,ekf,ekf,8,5,2022,91.0,regen-v2,637c6b535a9e,f8f1aef,local
5760,1.6981109915765344,10.498451221530619,8.800340229954084,5.930644468758276,2.8695796019301354,0.00011615926567465067,426499.5808746814,65.89604965286973,0.00038719755224883557,9.565265339767118,61.458333333333336,2220,2814.929973602295,100.0,0,0.0,63.263888888888886,2116,2885.761360168457,4336,2027.570758765656,0.01335163964494337,2125.6145184306743,1769.8589577644893,0,5760,1.0,False,False,complete,adapt,static,static,8,5,2023,84.4,regen-v2,637c6b535a9e,f8f1aef,local
5760,1.1453718628554128,10.177517136240393,9.03214527338498,6.239701477019434,2.792328233330909,0.00011556303463876247,413461.633659766,69.33001641132705,0.0003852101154625416,9.307760777769698,73.29861111111111,1538,1103.8254308700562,100.0,0,0.0,61.94444444444444,2192,2593.004550933838,3730,2133.231274622074,0.013283107421060604,2068.391282792862,1766.4993877236648,0,5760,1.0,False,False,complete,adapt,dagger,dagger,8,5,2023,84.5,regen-v2,637c6b535a9e,f8f1aef,local
5760,-4.850367211148299,3.4459190792471013,8.2962862903954,5.557612875196153,2.2387395507917005,0.4999338644075473,139990.4625944135,61.751254168846145,1.6664462146918244,7.462465169305669,97.44791666666667,147,201.2383689880371,81.85763888888889,1045,1285748.9217529297,42.951388888888886,3286,5141.480735778809,4478,1900.03858855203,57.46366261059758,1658.3255916851926,629.6097418709021,0,5760,1.0,False,False,complete,adapt,ekf,ekf,8,5,2023,91.4,regen-v2,637c6b535a9e,f8f1aef,local
5760,-2.4047658924033164,7.138303276528722,9.543069168932039,7.2932492218960485,2.114642427257868,0.13517751977812167,289993.5706089793,81.03610246551165,0.4505917325937389,7.048808090859561,58.59375,2385,3873.6451130416244,99.07986111111111,53,71582.87878417969,67.39583333333333,1878,2414.3181076049805,4316,2493.4185383166805,15.537645908642437,1566.401796905356,1450.3899576876315,0,5760,1.0,False,False,complete,adapt,static,static,8,6,2021,90.0,regen-v2,637c6b535a9e,f8f1aef,local
5760,-2.210903073782722,7.1547011158337845,9.365604189616509,7.531260504088197,1.8025799314475146,0.03176375408079475,290659.7328307475,83.68067226764663,0.10587918026931584,6.008599771491715,68.03819444444444,1841,1549.3563194274902,99.35763888888889,37,30375.6552734375,62.62152777777777,2153,2750.0962142944336,4031,2574.7899166139664,3.6510062254363835,1335.2443939037366,1437.2326543536988,0,5760,1.0,False,False,complete,adapt,dagger,dagger,8,6,2021,86.6,regen-v2,637c6b535a9e,f8f1aef,local
5760,-5.609717210418088,8.977519550487061,14.58723676090515,7.042975756242326,6.340848095305991,1.2034129093568346,364711.73173853685,78.25528618047029,4.011376364522782,21.136160317686638,90.60763888888889,541,464.95317554473877,41.041666666666664,3396,9331219.999389648,42.760416666666664,3297,5239.480331420898,7234,2407.8549578639063,138.32332305378958,4696.924514969571,719.1588075021366,0,5760,1.0,False,False,complete,adapt,ekf,ekf,8,6,2021,89.7,regen-v2,637c6b535a9e,f8f1aef,local
5760,-0.041015150598508354,8.751575580919962,8.79259073151847,6.202991947618437,2.4747690815925614,0.11482970230747014,355532.7579748734,68.92213275131597,0.38276567435823383,8.249230271975206,60.43402777777778,2279,4078.581395149231,98.17708333333334,105,92891.07482910156,73.78472222222221,1510,1810.5383224487305,3894,2120.6810072077296,13.1988163668587,1833.1622814069372,1405.7144020319888,0,5760,1.0,False,False,complete,adapt,static,static,8,6,2022,92.4,regen-v2,637c6b535a9e,f8f1aef,local
5760,6.119558812889291,14.586347140228135,8.466788327338843,6.290474328380922,2.176313998957921,0.0,592570.352571768,69.89415920423247,0.0,7.254379996526405,77.76041666666667,1281,961.2404556274414,100.0,0,0.0,66.12847222222223,1951,3098.7598266601562,3232,2150.5895146084003,0.0,1612.0844439717885,1400.9407710286355,0,5760,1.0,False,False,complete,adapt,dagger,dagger,8,6,2022,99.5,regen-v2,637c6b535a9e,f8f1aef,local
5760,-1.571619398827957,9.280901866283138,10.852521265111093,6.8828056153782775,2.8042439118436544,1.1654717378891628,377036.63831775245,76.47561794864752,3.884905792963876,9.347479706145515,83.47222222222223,952,804.1154651641846,82.72569444444444,995,3475156.020629883,62.10069444444445,2183,2905.598831176758,4130,2353.0959378812245,133.96226845999678,2077.2177123057872,944.2870821747777,0,5760,1.0,False,False,complete,adapt,ekf,ekf,8,6,2022,87.8,regen-v2,637c6b535a9e,f8f1aef,local
5760,-0.1855416056558113,8.63603767772462,8.821579283380432,5.9757292941357605,2.8449708437706835,0.0008791454739868641,350839.0306575627,66.396992157064,0.002930484913289547,9.483236145902278,60.0,2304,2894.89066696167,100.0,0,0.0,63.24652777777777,2117,2576.5904502868652,4421,2042.984374156342,0.1010512027136932,2107.3858094343723,1776.9662698818079,0,5760,1.0,False,False,complete,adapt,static,static,8,6,2023,83.6,regen-v2,637c6b535a9e,f8f1aef,local
5760,1.5094239885256089,9.950399715021753,8.440975726496145,6.157346371905977,2.283516485800955,0.00011286878921091555,404234.9884227587,68.41495968784419,0.00037622929736971854,7.611721619336517,72.34375,1593,1259.9605836868286,100.0,0,0.0,58.35069444444444,2399,2932.7316818237305,3992,2105.075682825671,0.012973424007329242,1691.4936939519896,1786.706475695874,0,5760,1.0,False,False,complete,adapt,dagger,dagger,8,6,2023,85.2,regen-v2,637c6b535a9e,f8f1aef,local
5320,-6.355034406929091,2.253494628939693,8.608529035868784,5.480755583134577,2.7830239774597816,0.3447494752744264,91548.21930067503,60.89728425705086,1.1491649175814214,9.276746591532605,98.7406015037594,67,130.8506259918213,71.84210526315789,1498,4536791.717285156,68.49624060150376,1676,1766.7334671020508,3241,1873.7625931791838,39.62637645240664,2061.499241566935,607.5168928170467,0,5760,0.9236,True,False,env_terminated,adapt,ekf,ekf,8,6,2023,84.8,regen-v2,637c6b535a9e,f8f1aef,local
5760,-2.2873931901385736,7.108429011729427,9.395822201868,7.137435305350042,2.115400892655823,0.14298600386213506,288779.92860150797,79.30483672611159,0.4766200128737835,7.051336308852744,55.81597222222222,2545,3971.660245809704,99.21875,45,52255.884765625,64.75694444444444,2030,2889.077194213867,4620,2440.148822633156,16.43517284402318,1566.963624346997,1401.7951614781841,0,5760,1.0,False,False,complete,adapt,static,static,8,7,2021,84.9,regen-v2,637c6b535a9e,f8f1aef,local
5760,-2.109700766004921,7.58098990565219,9.690690671657112,7.5400383439209,2.1189124112454483,0.03173991649076342,307977.71491712023,83.77820382134334,0.10579972163587809,7.063041370818161,70.12152777777779,1721,1360.5043983459473,99.34027777777777,38,34587.54150390625,62.79513888888889,2143,2645.903953552246,3902,2577.790888640802,3.6482662856921797,1569.5647483820544,1415.0680461088439,0,5760,1.0,False,False,complete,adapt,dagger,dagger,8,7,2021,85.7,regen-v2,637c6b535a9e,f8f1aef,local
5760,-1.6787384057926613,9.399516907489607,11.078255313282268,7.282428749602416,3.1320369825886725,0.6637895810911801,381855.3743667653,80.9158749955824,2.2126319369706007,10.440123275295575,91.49305555555556,490,255.948392868042,83.4375,954,1541984.5946044922,40.55555555555556,3424,5820.615348815918,4868,2489.719229502307,76.29765309381081,2320.0273954041595,921.7337845461437,0,5760,1.0,False,False,complete,adapt,ekf,ekf,8,7,2021,91.8,regen-v2,637c6b535a9e,f8f1aef,local
5760,0.18468526576091004,8.816461443078609,8.6317761773177,5.935145386169239,2.5380382151584246,0.15859257599003612,358168.7461250685,65.94605984632489,0.5286419199667871,8.460127383861415,57.53472222222222,2446,4380.562794685364,97.43055555555556,148,110875.77587890625,71.89236111111111,1619,2125.7029876708984,4213,2029.1095348141985,18.22903169043522,1880.0283072630978,1336.4466495810525,0,5760,1.0,False,False,complete,adapt,static,static,8,7,2022,91.1,regen-v2,637c6b535a9e,f8f1aef,local
5760,5.905007833466515,14.844087465916862,8.93907963245035,6.379183098082497,2.559896534367852,0.0,603041.0533028726,70.87981220091663,0.0,8.53298844789284,79.47916666666667,1182,840.4809761047363,100.0,0,0.0,66.04166666666667,1956,2652.3254318237305,3138,2180.917297503065,0.0,1896.2196556402284,1381.2613093454447,0,5760,1.0,False,False,complete,adapt,dagger,dagger,8,7,2022,98.2,regen-v2,637c6b535a9e,f8f1aef,local
5026,-6.991482652711748,4.243317899902056,11.234800552613805,5.511852294115622,4.206129640616914,1.5168186178812688,172384.78968352108,61.24280326795136,5.05606205960423,14.020432135389713,81.0783923597294,951,841.9794578552246,45.20493434142459,2754,13224149.352905273,67.7875049741345,1619,1996.488410949707,5324,1884.3939479336605,174.3469674563715,3115.651584471126,661.5675245149595,0,5760,0.8726,True,False,env_terminated,adapt,ekf,ekf,8,7,2022,77.7,regen-v2,637c6b535a9e,f8f1aef,local
5760,1.0810922374203145,9.904241108579747,8.823148871159434,5.907069506443735,2.915840251471098,0.00023911324460059404,402359.7950360523,65.6341056271526,0.0007970441486686468,9.71946750490366,58.83680555555556,2371,2773.4650201797485,100.0,0,0.0,61.80555555555556,2200,2800.0653800964355,4571,2019.5109413961504,0.027484280286898363,2159.8816668403288,1754.8247814521246,0,5760,1.0,False,False,complete,adapt,static,static,8,7,2023,87.4,regen-v2,637c6b535a9e,f8f1aef,local
5760,1.133512113595108,10.172276203683856,9.038764090088748,6.211674884166164,2.8269769487834795,0.00011225713910534978,413248.7207746567,69.01860982406849,0.00037419046368449926,9.423256495944932,75.13888888888889,1432,1076.4665117263794,100.0,0,0.0,58.69791666666667,2379,2872.1486587524414,3811,2123.6495341014042,0.012903119804799197,2094.0569993211648,1757.2968441912399,0,5760,1.0,False,False,complete,adapt,dagger,dagger,8,7,2023,87.0,regen-v2,637c6b535a9e,f8f1aef,local
5760,-5.640178532507106,3.3786104552750866,9.018788987782193,5.930354680691602,2.61028735882416,0.4781469482664296,137256.0497455504,65.89282978546225,1.5938231608880988,8.7009578627472,98.26388888888889,100,128.5440845489502,71.78819444444444,1625,2483126.1875,52.04861111111111,2762,5029.76309967041,4487,2027.471685470421,54.95941932218821,1933.5461917064604,663.1374273721292,0,5760,1.0,False,False,complete,adapt,ekf,ekf,8,7,2023,89.6,regen-v2,637c6b535a9e,f8f1aef,local
5760,-2.2862256794848212,7.087978777033456,9.374204456518278,7.2236190570610805,2.02127331497766,0.12931208447953685,287949.13781698415,80.26243396734534,0.4310402815984562,6.7375777165922,60.19097222222223,2293,3589.475429415703,99.14930555555556,49,66530.43420410156,62.65625,2151,3054.323371887207,4493,2469.613352099538,14.863457975987048,1497.239492306299,1393.3931932752803,0,5760,1.0,False,False,complete,adapt,static,static,8,8,2021,85.6,regen-v2,637c6b535a9e,f8f1aef,local
5760,-2.3540228763203777,7.167475672740972,9.521498549061349,7.666447518073146,1.8232686477462334,0.031782383241970094,291178.699205102,85.18275020081273,0.10594127747323365,6.077562159154112,71.02430555555556,1669,1360.2050914764404,99.375,36,29123.4775390625,62.88194444444445,2138,2647.1358337402344,3843,2621.0077005263843,3.6531474833651107,1350.5693685699014,1448.6842707858577,0,5760,1.0,False,False,complete,adapt,dagger,dagger,8,8,2021,86.3,regen-v2,637c6b535a9e,f8f1aef,local
5760,-9.890255334287222,8.113164942079052,18.00342027636627,7.806081080915703,6.165512680002102,4.031826515448468,329597.3257719615,86.7342342323967,13.43942171816156,20.551708933340343,91.18055555555556,508,375.41051197052,41.84027777777778,3350,19252273.681152344,53.43750000000001,2682,3682.221668243408,6540,2668.7456686303276,463.4283353925718,4567.046428735445,714.7090239515747,0,5760,1.0,False,False,complete,adapt,ekf,ekf,8,8,2021,91.1,regen-v2,637c6b535a9e,f8f1aef,local
5760,0.19549308889237982,8.817758138813868,8.62226504992149,6.1909269615892235,2.3612121637329078,0.07012592459935696,358221.42438931344,68.78807735099137,0.23375308199785655,7.870707212443026,63.125,2124,3584.5479984283447,98.87152777777779,65,40994.55114746094,68.94097222222221,1789,2703.681468963623,3978,2116.5562256417147,8.060451132109339,1749.0460453720232,1346.4094585029925,0,5760,1.0,False,False,complete,adapt,static,static,8,8,2022,90.3,regen-v2,637c6b535a9e,f8f1aef,local
5760,5.9453746431277334,14.58853200931032,8.643157366182589,6.4349681083497945,2.2081892578327937,0.0,592659.1128782318,71.49964564833105,0.0,7.360630859442646,80.43402777777777,1127,819.3975467681885,100.0,0,0.0,65.27777777777779,2000,3026.885356903076,3127,2199.98909731914,0.0,1635.6957461962115,1408.4245607050002,0,5760,1.0,False,False,complete,adapt,dagger,dagger,8,8,2022,97.8,regen-v2,637c6b535a9e,f8f1aef,local
4458,-7.581110018297029,2.1881056424045164,9.769215660701544,4.920915874320132,4.016074284265082,0.8322255021163303,88891.79172268347,54.676843048001466,2.7740850070544343,13.386914280883609,80.3947958725886,874,640.9704236984253,28.802153432032302,3174,12166326.415405273,71.37729923732616,1276,1504.9346084594727,5324,1682.3644024232417,95.65810365751778,2974.8698395123015,492.7805965122329,0,5760,0.774,True,False,env_terminated,adapt,ekf,ekf,8,8,2022,70.5,regen-v2,637c6b535a9e,f8f1aef,local
5760,-0.59421538384325,8.128462080953476,8.722677464796725,5.9339513034235045,2.787797747652979,0.000928413720242679,330218.772038735,65.93279226026117,0.00309471240080893,9.292659158843264,60.19097222222223,2293,2928.9952812194824,100.0,0,0.0,62.083333333333336,2184,2794.0880241394043,4477,2028.7013001849098,0.10671422077527103,2065.035368426161,1773.9801555083634,0,5760,1.0,False,False,complete,adapt,static,static,8,8,2023,88.3,regen-v2,637c6b535a9e,f8f1aef,local
5760,1.3325501206888926,9.943750570295443,8.61120044960655,6.312878555390144,2.298207280114905,0.00011461410149931907,403964.8669182523,70.1430950598905,0.00038204700499773025,7.660690933716351,76.78819444444444,1337,1009.3815317153931,100.0,0,0.0,58.14236111111111,2411,2997.283924102783,3748,2158.249079180531,0.013174034731697846,1702.375762635861,1791.9147967635477,0,5760,1.0,False,False,complete,adapt,dagger,dagger,8,8,2023,87.0,regen-v2,637c6b535a9e,f8f1aef,local
5760,-3.0016305876268063,4.8589406385892655,7.860571226216074,5.697040399519389,1.740366580700206,0.4231642459964784,197394.46344268895,63.30044888354876,1.4105474866549281,5.801221935667353,97.88194444444444,122,157.28815460205078,96.21527777777777,218,86829.88525390625,48.36805555555556,2974,5249.784275054932,3314,1947.706119714525,48.63956852898855,1289.1604303519744,719.9388217350597,0,5760,1.0,False,False,complete,adapt,ekf,ekf,8,8,2023,90.5,regen-v2,637c6b535a9e,f8f1aef,local
5760,-2.2658271399754693,7.090171546958533,9.355998686934003,7.1422629335739565,2.0746839407315747,0.13905181262847038,288038.2190951904,79.35847703971064,0.4635060420949013,6.915613135771916,57.43055555555555,2452,3931.0148345790803,99.16666666666667,48,61840.78845214844,66.00694444444444,1958,2729.1460189819336,4458,2441.799293326164,15.982966953758778,1536.8029193253653,1367.4615389122287,0,5760,1.0,False,False,complete,adapt,static,static,8,9,2021,88.6,regen-v2,637c6b535a9e,f8f1aef,local
5760,-2.198396511784335,7.174393315457808,9.372789827242142,7.528299212892132,1.8110223615938437,0.03346825275616721,291459.72844047344,83.6477690321348,0.11156084252055737,6.036741205312812,68.85416666666667,1794,1478.5618562698364,99.35763888888889,37,33049.526123046875,61.38888888888889,2224,2816.1715698242188,4055,2573.7775088918856,3.84692560921701,1341.4980458990592,1437.4668439127877,0,5760,1.0,False,False,complete,adapt,dagger,dagger,8,9,2021,86.7,regen-v2,637c6b535a9e,f8f1aef,local
5760,-0.04901855432732066,11.676803964854841,11.72582251918216,7.37289075673567,3.4417226084065926,0.911209154039898,474370.1610722279,81.9210084081741,3.03736384679966,11.472408694688642,91.00694444444444,518,384.36983585357666,80.05208333333333,1149,1578650.937133789,36.875,3636,5528.830871582031,5303,2520.6464098290467,104.73668464376918,2549.4241544296356,859.7071684377258,0,5760,1.0,False,False,complete,adapt,ekf,ekf,8,9,2021,89.7,regen-v2,637c6b535a9e,f8f1aef,local
5760,0.16843497371290306,8.778243115168621,8.609808141455717,6.048336606042078,2.4558552770908197,0.10561625832282005,356616.1265537252,67.2037400671342,0.35205419440940017,8.1861842569694,60.06944444444444,2300,4122.234509468079,98.36805555555556,94,62470.170654296875,71.75347222222223,1627,2083.1383094787598,4021,2067.8073853309115,12.139799808035427,1819.152057410592,1335.9659519614254,0,5760,1.0,False,False,complete,adapt,static,static,8,9,2022,94.2,regen-v2,637c6b535a9e,f8f1aef,local
5760,6.080500727188086,14.59580178595117,8.515301058763084,6.3236393919094045,2.191661666853678,0.0,592954.4475542663,70.2626599101045,0.0,7.30553888951226,79.07986111111111,1205,894.3220472335815,100.0,0,0.0,65.22569444444444,2003,2995.1346435546875,3208,2161.9279976335038,0.0,1623.4530876356373,1410.123224479239,0,5760,1.0,False,False,complete,adapt,dagger,dagger,8,9,2022,101.8,regen-v2,637c6b535a9e,f8f1aef,local
4459,-8.389804843291904,3.1197956941408087,11.509600537432712,5.2841454159543035,3.909419136422599,2.316035985055809,126741.70007447037,58.71272684393671,7.720119950186031,13.031397121408665,79.95066158331464,894,692.9006147384644,40.36779546983629,2659,11077267.973266602,65.68737385063915,1530,1930.1230735778809,5083,1806.5454408009346,266.21103250633166,2895.866026893691,549.0670207202404,0,5760,0.7741,True,False,env_terminated,adapt,ekf,ekf,8,9,2022,69.9,regen-v2,637c6b535a9e,f8f1aef,local
5760,0.01205324911048189,8.83718572476042,8.825132475649937,5.948349267642855,2.8755704810320366,0.001212726975046098,359010.67006839206,66.09276964047616,0.004042423250153661,9.585234936773455,58.97569444444445,2363,2967.2305822372437,100.0,0,0.0,65.34722222222223,1996,2398.774589538574,4359,2033.6236810531582,0.1393939065282846,2130.0522080322644,1742.5316202063461,0,5760,1.0,False,False,complete,adapt,static,static,8,9,2023,88.7,regen-v2,637c6b535a9e,f8f1aef,local
5760,1.5433744805272809,9.97232417824999,8.428949697722707,6.139471935009478,2.2893644135993365,0.00011334911389276385,405125.6697414058,68.21635483343864,0.0003778303796425462,7.631214711997789,73.69791666666666,1515,1171.189281463623,100.0,0,0.0,57.43055555555555,2452,3066.064250946045,3967,2098.964764312053,0.013028634093405937,1695.8254916524356,1785.2621400266512,0,5760,1.0,False,False,complete,adapt,dagger,dagger,8,9,2023,90.8,regen-v2,637c6b535a9e,f8f1aef,local
5320,-1.9738397334488882,6.029129997843491,8.002969731292378,5.5953360618848835,1.8181433327693988,0.5894903366380957,244933.40616239177,62.17040068760982,1.9649677887936523,6.060477775897996,97.89473684210527,112,147.0181541442871,90.39473684210526,511,1317201.8006591797,35.526315789473685,3430,6115.079040527344,4053,1912.935405874191,67.75750993772017,1346.7728387812563,691.1059739260014,0,5760,0.9236,True,False,env_terminated,adapt,ekf,ekf,8,9,2023,85.1,regen-v2,637c6b535a9e,f8f1aef,local
