condition,degree,nonzero,one_step_rmse_t_in,rollout_rmse_t_in,diverged_frac,sign_pass,kappa,embeddable
raw/d1/stlsq/none,1.0,19.95,1.8608439770995453,2.678684922353351,0.0,,8.206786926966059,True
raw/d1/ensemble/none,1.0,20.1,1.8621100837812308,2.68703381381185,0.0,,8.206786926966059,True
raw/d2/ensemble/none,2.0,47.75,1.1509294851381875,4.279367770595862,0.09749999999999998,,8.206786926966059,False
raw/d1/sr3/none,1.0,5.85,2.412547305429091,4.38247027922792,0.0,,8.206786926966059,True
raw/d1/constrained/none,1.0,5.85,2.412547305429091,4.38247027922792,0.0,,8.206786926966059,True
raw/d2/sr3/none,2.0,6.75,2.3888026996899967,4.783291708015713,0.0,,8.206786926966059,False
raw/d2/constrained/none,2.0,6.75,2.3888026996899967,4.783291708015713,0.0,,8.206786926966059,False
raw/d2/sr3/savgol,2.0,3.0,3.065060391472698,5.1949722738343045,0.0,,9.329313626517383,False
raw/d2/constrained/savgol,2.0,3.0,3.065060391472698,5.1949722738343045,0.0,,9.329313626517383,False
raw/d1/sr3/savgol,1.0,3.0,3.066205579393835,5.197946934092519,0.0,,9.329313626517383,True
raw/d1/constrained/savgol,1.0,3.0,3.066205579393835,5.197946934092519,0.0,,9.329313626517383,True
physics_no_cross/d1/sr3/savgol,1.0,3.0,3.070159412265645,5.247734198812806,0.0,,14.232841079577856,True
physics_no_cross/d1/constrained/savgol,1.0,3.0,3.070159412265645,5.247734198812806,0.0,,14.232841079577856,True
physics/d1/constrained/savgol,1.0,3.0,3.0685758635875713,5.255569632182864,0.0,,43.20035326016033,True
physics/d1/sr3/savgol,1.0,3.0,3.0685758635875713,5.255569632182864,0.0,,43.20035326016033,True
physics/d2/stlsq/savgol,2.0,9.65,3.077418477729892,5.436787109035855,0.05583333333333331,,43.20035326016033,False
raw/d1/ensemble/savgol,1.0,3.0,3.080218760666761,5.496544789706617,0.0,,9.329313626517383,True
physics_no_cross/d2/ensemble/savgol,2.0,3.1,3.080331168754469,5.497045360443707,0.004166666666666665,,14.232841079577856,False
physics_no_cross/d2/stlsq/savgol,2.0,3.1,3.080345267169397,5.497112341570964,0.005,,14.232841079577856,False
raw/d1/stlsq/savgol,1.0,3.0,3.080345267169397,5.507136719726742,0.0,,9.329313626517383,True
physics_no_cross/d1/stlsq/savgol,1.0,3.0,3.080345267169397,5.507136719726742,0.0,,14.232841079577856,True
raw/d2/stlsq/savgol,2.0,3.0,3.080345267169397,5.507136719726742,0.0,,9.329313626517383,False
physics/d1/stlsq/savgol,1.0,3.2,3.080345267169397,5.507136719726742,0.0,,43.20035326016033,True
physics/d1/ensemble/savgol,1.0,3.1,3.0803509375438964,5.508947804044179,0.0,,43.20035326016033,True
physics_no_cross/d1/ensemble/savgol,1.0,3.0,3.0804072579771917,5.51105556397122,0.0,,14.232841079577856,True
raw/d2/ensemble/savgol,2.0,3.0,3.080391945144413,5.512927573059826,0.0,,9.329313626517383,False
physics_no_cross/d2/ensemble/kalman,2.0,3.0,3.0829252134122003,5.865047019515191,0.0,,14.141117823964986,False
raw/d1/ensemble/kalman,1.0,3.0,3.0829343832769225,5.865624353990045,0.0,,8.289937140773441,True
physics_no_cross/d1/ensemble/kalman,1.0,3.0,3.082932762734047,5.866706305352839,0.0,,14.141117823964986,True
physics/d2/ensemble/kalman,2.0,3.0,3.082942251983229,5.868388439496695,0.0,,41.24391137245392,False
physics/d2/stlsq/kalman,2.0,3.0,3.0829696478356015,5.871847710993034,0.0,,41.24391137245392,False
physics/d1/stlsq/kalman,1.0,3.0,3.0829696478356015,5.871847710993034,0.0,,41.24391137245392,True
physics_no_cross/d1/stlsq/kalman,1.0,3.0,3.0829696478356015,5.871847710993034,0.0,,14.141117823964986,True
raw/d2/stlsq/kalman,2.0,3.0,3.0829696478356015,5.871847710993034,0.0,,8.289937140773441,False
raw/d1/stlsq/kalman,1.0,3.0,3.0829696478356015,5.871847710993034,0.0,,8.289937140773441,True
physics_no_cross/d2/stlsq/kalman,2.0,3.0,3.0829696478356015,5.871847710993034,0.0,,14.141117823964986,False
physics/d1/ensemble/kalman,1.0,3.0,3.0829894416052603,5.878367015959528,0.0,,41.24391137245392,True
raw/d2/ensemble/kalman,2.0,3.0,3.083022467112987,5.8824443166154685,0.0,,8.289937140773441,False
physics_no_cross/d2/sr3/savgol,2.0,3.0,3.073694991136221,5.965477629391169,0.0,,14.232841079577856,False
physics_no_cross/d2/constrained/savgol,2.0,3.0,3.073694991136221,5.965477629391169,0.0,,14.232841079577856,False
physics_no_cross/d1/constrained/none,1.0,9.15,2.6171507575079698,6.162852344576196,0.023333333333333307,,24.508789522322964,True
physics_no_cross/d1/sr3/none,1.0,9.15,2.6171507575079698,6.162852344576196,0.023333333333333307,,24.508789522322964,True
raw/d2/sr3/kalman,2.0,3.0,3.081666202167272,8.226514390683302,0.0,,8.289937140773441,False
raw/d2/constrained/kalman,2.0,3.0,3.081666202167272,8.226514390683302,0.0,,8.289937140773441,False
raw/d1/constrained/kalman,1.0,3.0,3.0847814646203595,8.28901000779101,0.0,,8.289937140773441,True
raw/d1/sr3/kalman,1.0,3.0,3.0847814646203595,8.28901000779101,0.0,,8.289937140773441,True
physics/d2/ensemble/savgol,2.0,6.65,3.084834751542738,9.437864771244163,0.07583333333333332,,43.20035326016033,False
physics/d2/constrained/savgol,2.0,3.85,3.0959192278772765,11.202176203055155,0.00166666666666666,,43.20035326016033,False
physics/d2/sr3/savgol,2.0,3.85,3.0959192278772765,11.202176203055155,0.00166666666666666,,43.20035326016033,False
physics_no_cross/d1/stlsq/none,1.0,28.1,1.727724848910934,12.054280823875967,0.20416666666666666,,24.508789522322964,True
physics_no_cross/d1/ensemble/none,1.0,28.2,1.7284812047951263,12.364449106890005,0.2133333333333333,,24.508789522322964,True
physics/d1/stlsq/none,1.0,36.65,1.6756821901500456,25.696853661490263,0.5583333333333333,,53.422387105892184,True
physics_no_cross/d1/sr3/kalman,1.0,3.0,3.088805644958886,26.177332464459305,0.00833333333333333,,14.141117823964986,True
physics_no_cross/d1/constrained/kalman,1.0,3.0,3.088805644958886,26.177332464459305,0.00833333333333333,,14.141117823964986,True
physics/d1/ensemble/none,1.0,37.1,1.6767514892959703,26.433961686363375,0.5733333333333334,,53.422387105892184,True
physics_no_cross/d2/constrained/kalman,2.0,3.0,3.0880904472926107,27.759566588132152,0.01083333333333333,,14.141117823964986,False
physics_no_cross/d2/sr3/kalman,2.0,3.0,3.0880904472926107,27.759566588132152,0.01083333333333333,,14.141117823964986,False
physics/d1/constrained/kalman,1.0,3.0,3.090870770858907,39.15160765704991,0.009999999999999995,,41.24391137245392,True
physics/d1/sr3/kalman,1.0,3.0,3.090870770858907,39.15160765704991,0.009999999999999995,,41.24391137245392,True
physics/d2/sr3/kalman,2.0,3.0,3.0892893786641134,39.15442702563774,0.01333333333333333,,41.24391137245392,False
physics/d2/constrained/kalman,2.0,3.0,3.0892893786641134,39.15442702563774,0.01333333333333333,,41.24391137245392,False
raw/d2/stlsq/none,2.0,47.7,1.1336823052068117,43.42252407368608,0.06583333333333333,,8.206786926966059,False
physics/d2/stlsq/none,2.0,256.05,0.9621523186423884,200.9488458657382,0.2483333333333333,,53.422387105892184,False
physics_no_cross/d2/stlsq/none,2.0,116.05,1.0328068303215967,1032.1360981076136,0.22916666666666666,,24.508789522322964,False
physics_no_cross/d2/sr3/none,2.0,45.15,3.9912642841379524,1176.243468893229,0.7591666666666667,,24.508789522322964,False
physics_no_cross/d2/constrained/none,2.0,45.15,3.9912642841379524,1176.243468893229,0.7591666666666667,,24.508789522322964,False
physics/d2/constrained/none,2.0,139.65,4.308525982415132,1673.435119128141,0.9441666666666666,,53.422387105892184,False
physics/d2/sr3/none,2.0,139.65,4.308525982415132,1673.435119128141,0.9441666666666666,,53.422387105892184,False
physics/d1/constrained/none,1.0,16.45,2.3543798267318037,1762.7286463849346,0.7433333333333334,,53.422387105892184,True
physics/d1/sr3/none,1.0,16.45,2.3543798267318037,1762.7286463849346,0.7433333333333334,,53.422387105892184,True
physics_no_cross/d2/ensemble/none,2.0,111.5,4.71620793086976,5550.316285382733,0.8074999999999999,,24.508789522322964,False
physics/d2/ensemble/none,2.0,246.0,12.224529526842286,5625.800210588126,0.9958333333333333,,53.422387105892184,False
